ID,Sample Date,GumCard .,Fish .,External Sex,Internal Sex,Initials,Mesh,METF Length,Weight(kg),Girth(mm),Comments,AdiposeFin,Otolith .,T-Tag .,Genetic Vial .,Ichthyophonus Vial .,Kidney Vial .,Gross lesions on heart or kidney? (describe),Photo taken?,Muscle Biopsy .,Blood Sample .,Skein Sample .,Skein Weight (g),100 egg weight,Ich Sampler,Field26
1,6/10/2023,1,1,2,2,MJ,8.5,780,7.25,480,,,1,696,1,1,1,None on heart,Y,1,N/A,1,436,,"RH, KW, CB",
2,6/12/2023,2,1,1,1,MJR,4,650,6.31,450,,,2,0,2,2,2,"Y - 3-4 spots on heart, liver light",Y,2,N/A,N/A,N/A,,"JC, KW, RH",
3,6/12/2023,2,2,1,,CB,6.5,736,,,,,,695,3,,,,,,,,,,,
4,6/12/2023,3,1,1,,RH,5.25,580,,,,,,0,4,,,,,,,,,,,
5,6/13/2023,4,1,1,1,MJ,6.5,710,4.83,405,,,3,694,5,3,3,Yes on heart,Y,3,N/A,N/A,N/A,,"RH, JC",
6,6/15/2023,5,1,2,,MJR,5.25,833,,,,,,0,6,,,,,,,,,,,
7,6/15/2023,6,1,2,,JN,6.5,790,,,,,,0,7,,,,,,,,,,,
8,6/16/2023,7,1,2,2,CB,8.5,818,8.515,501,,,4,690,8,4,4,"None on heart, liver pale",Y,4,N/A,4,323,,"KW, TG",
9,6/16/2023,7,2,2,,CB,6.5,795,,,,,,0,9,,,,,,,,,,,
10,6/16/2023,7,3,2,1,CB,6.5,663,4.44,395,,,5,689,10,5,5,"Cloudy heart, liver pale",Y,5,N/A,N/A,N/A,,"TG, RH",
11,6/16/2023,8,1,1,,DK,7.5,647,,,,,,0,11,,,,,,,,,,,
12,6/16/2023,8,2,1,1,DK,6.5,655,4.05,395,,,6,688,12,6,6,Liver pale,Y,6,N/A,N/A,N/A,,"JC, RH",
13,6/16/2023,8,3,1,,CB,5.25,646,,,,,,0,13,,,,,,,,,,,
14,6/17/2023,9,1,2,1,MJ,5.25,670,4.87,204,,,7,687,14,7,7,"Cloudy heart, liver pale",Y,7,N/A,N/A,N/A,,"CB, JC",
15,6/17/2023,9,2,1,,MJR,6.5,730,,,,,,0,15,,,,,,,,,,,
16,6/17/2023,9,3,1,1,MJR,6.5,635,3.515,363,,,8,684,16,8,8,"Spots on heart, liver yellow",Y,8,N/A,N/A,N/A,,"CB, JC",
17,6/17/2023,9,4,2,,MJR,6.5,757,,,,,,0,17,,,,,,,,,,,
18,6/17/2023,9,5,2,,MJR,6.5,625,,,,,,0,18,,,,,,,,,,,
19,6/17/2023,9,6,2,1,MJR,6.5,640,4.005,418,,,11,683,19,11,11,Spotting on heart,Y,11,N/A,N/A,N/A,,"CB, JC",
20,6/17/2023,9,7,2,1,MJR,6.5,705,5.395,430,,,10,682,20,10,10,None on heart,Y,10,N/A,N/A,N/A,,"CB, JC",
21,6/17/2023,9,8,2,1,MJR,6.5,627,4.175,404,,,9,680,21,9,9,"Spots on heart, liver yellow",Y,9,N/A,N/A,N/A,,"CB, JC",
22,6/17/2023,9,9,2,,MJR,7.5,818,,,,,,0,22,,,,,,,,,,,
23,6/17/2023,10,1,2,1,JN,7.5,720,6.025,455,,,13,725,23,13,13,N,Y,13,2,N/A,N/A,,"CB, TG",
24,6/17/2023,10,2,2,1,JN,7.5,735,6.42,471,,,12,724,24,12,12,N,Y,12,1,N/A,N/A,,CB,
25,6/17/2023,10,3,1,,JN,7.5,725,,,,,,0,25,,,,,,,,,,,
26,6/17/2023,10,4,2,,JN,7.5,727,,,,,,0,26,,,,,,,,,,,
27,6/17/2023,10,5,1,,JN,6.5,761,,,,,,0,27,,,,,,,,,,,
28,6/17/2023,10,6,2,,JN,6.5,673,,,,,,0,28,,,,,,,,,,,
29,6/17/2023,10,7,2,1,JN,6.5,706,4.845,405,No genetics collected - 29 SKIPPED,,14,723,,14,14,N,Y,14,3,N/A,N/A,,"CB, TG",
30,6/17/2023,10,8,2,2,JN,4,753,6.535,445,,,16,722,30,16,16,Some spots on heart,Y,16,5,16,172,,"CB, RM",
31,6/17/2023,10,9,1,,JN,8.5,769,,,,,,0,31,,,,,,,,,,,
32,6/17/2023,10,10,2,1,JN,8.5,678,4.53,415,,,15,721,32,15,15,N,Y,15,4,N/A,N/A,,CB,
33,6/17/2023,11,1,2,,JN,8.5,869,,,,,,0,33,,,,,,,,,,,
34,6/17/2023,11,2,2,2,JN,8.5,880,11.17,550,,,17,720,34,17,17,N,Y,17,6,17,879,,"CB, KW",
35,6/18/2023,12,1,1,,CB,8.5,664,,,,,,0,35,,,,,,,,,,,
36,6/18/2023,12,2,1,1,CB,8.5,780,7.2,480,,,19,719,36,19,19,"No spots on heart, hemorrhage on liver",Y,19,7,N/A,N/A,,TG,
37,6/18/2023,12,3,1,,CB,8.5,815,,,,,,0,37,,,,,,,,,,,
38,6/18/2023,12,4,1,1,CB,8.5,640,3.44,356,,,18,718,38,18,18,Spots on heart,Y,18,8,N/A,N/A,,"TG, KW",
39,6/18/2023,12,5,1,,CB,4,688,,,,,,0,39,,,,,,,,,,,
40,6/18/2023,12,6,2,1,MJR,6.5,735,5.715,440,,,20,717,40,20,20,N,Y - Photo ID did not get updated after #18. Last two # 18 photos (heart with no lesions/spots) are actually sample #20,20,9,N/A,N/A,,"TG, RH",
41,6/18/2023,12,7,1,,MJR,6.5,686,,,,,,0,41,,,,,,,,,,,
42,6/18/2023,12,8,1,2,MJR,6.5,686,3.94,385,,,21,716,42,21,21,N,Y,21,10,21,280,,"TG, RH",
43,6/18/2023,12,9,2,,MJR,6.5,611,,,,,,0,43,,,,,,,,,,,
44,6/18/2023,12,10,2,1,MJR,6.5,668,3.99,391,,,22,715,44,22,22,N,Y,22,11,N/A,N/A,,"TG, RH",
45,6/18/2023,13,1,2,,MJR,6.5,830,,,,,,0,45,,,,,,,,,,,
46,6/18/2023,13,2,1,1,MJR,6.5,731,5.43,435,,,23,714,46,23,23,N,Y,23,12,N/A,N/A,,"TG, RH",
47,6/18/2023,13,3,2,,MJR,6.5,673,,,,,,0,47,,,,,,,,,,,
48,6/18/2023,13,4,2,2,MJR,7.5,774,7.1,477,,,24,713,48,24,24,Heart adhered to body wall,Y,24,13,24,286,,"TG, RH",
49,6/18/2023,13,5,2,,MJR,7.5,675,,,,,,0,49,,,,,,,,,,,
50,6/18/2023,13,6,2,1,MJR,7.5,670,4.7,419,,,25,712,50,25,25,N,Y,25,NA,N/A,N/A,,"TG, RH",
51,6/18/2023,14,1,1,,DK,7.5,820,,,,,,0,51,,,,,,,,,,,
52,6/18/2023,14,2,1,,DK,7.5,614,,,,,,0,52,,,,,,,,,,,
53,6/18/2023,14,3,2,2,DK,7.5,798,7.475,484,,,26,752,53,26,26,None on heart,Y,26,14,26,259,,"CB, KW, BL",
54,6/18/2023,14,4,1,,DK,6.5,666,,,,,,0,54,,,,,,,,,,,
55,6/18/2023,14,5,1,1,DK,6.5,754,5.99,452,,,27,753,55,27,27,Few spots on heart,Y,27,15,N/A,N/A,,"CB, KW, BL",
56,6/18/2023,14,6,1,,DK,6.5,662,,,,,,0,56,,,,,,,,,,,
57,6/18/2023,14,7,1,1,DK,6.5,688,4.115,377,,,28,711,57,28,28,None on heart,Y,28,16,N/A,N/A,,"CB, KW, BL",
58,6/18/2023,14,8,1,1,DK,6.5,739,5.165,413,,,29,710,58,29,29,None on heart,Y,29,17,N/A,N/A,,"CB, KW, BL",
59,6/18/2023,14,9,1,,JC,5.25,763,,,,,,0,59,,,,,,,,,,,
60,6/18/2023,14,10,1,1,JC,5.25,744,4.48,420,,,30,708,60,30,30,N,Y,30,18,N/A,N/A,,CB,
61,6/18/2023,15,1,2,,JC,2.75,806,,,,,,0,61,,,,,,,,,,,
62,6/19/2023,16,1,2,2,MJR,6.5,710,5.29,434,,,31,706,62,31,31,N,Y,31,19,31,275,,"CB, RH",
63,6/19/2023,16,2,2,,MJR,6.5,622,,,,,,0,63,,,,,,,,,,,
64,6/19/2023,16,3,2,,MJR,6.5,670,,,,,,0,64,,,,,,,,,,,
65,6/19/2023,16,4,2,1,MJR,6.5,690,5.64,466,,,32,754,65,32,32,N,Y,32,20,N/A,N/A,,"CB, RH",
66,6/19/2023,16,5,2,,MJR,6.5,730,,,,,,0,66,,,,,,,,,,,
67,6/19/2023,16,6,2,1,MJR,6.5,672,4.655,418,,,33,755,67,33,33,Lesions and spotting on heart,Y,33,24,N/A,N/A,,"CB, RH",
68,6/19/2023,16,7,2,1,MJR,6.5,668,4.61,422,,,34,756,68,34,34,N,Y,34,21,N/A,N/A,,"CB, RH",
69,6/19/2023,16,8,2,1,MJR,6.5,702,5.615,444,,,35,757,69,35,35,N,Y,35,23,N/A,N/A,,"CB, RH",
70,6/19/2023,16,9,2,1,MJR,6.5,676,4.24,414,,,36,758,70,36,36,N,Y,36,22,N/A,N/A,,"CB, RH",
71,6/19/2023,16,10,2,,MJR,6.5,640,,,,,,0,71,,,,,,,,,,,
72,6/19/2023,17,1,2,,TG,7.5,695,,,,,,0,72,,,,,,,,,,,
73,6/19/2023,17,2,2,,TG,7.5,760,,,,,,0,73,,,,,,,,,,,
74,6/19/2023,18,1,2,1,DK,7.5,746,6.32,466,,,38,705,74,38,38,Y,Y,38,25,N/A,N/A,,"JC, TG",
75,6/19/2023,18,2,1,1,DK,6.5,721,4.845,415,,,37,704,75,37,37,N,Y,37,26,N/A,N/A,,"JC, TG",
76,6/19/2023,18,3,1,,DK,6.5,841,,,,,,0,76,,,,,,,,,,,
77,6/19/2023,18,4,1,,DK,6.5,871,,,,,,0,77,,,,,,,,,,,
78,6/19/2023,18,5,1,1,DK,6.5,690,4.765,417,,,39,703,78,39,39,N,Y,39,27,N/A,N/A,,"JC, TG",
79,6/19/2023,18,6,1,1,DK,6.5,676,4.645,423,,,40,702,79,40,40,N,Y,40,28,N/A,N/A,,"JC, TG",
80,6/19/2023,18,7,2,2,RH,8.5,794,6.92,472,,,41,701,80,41,41,N,Y,41,29,41,673,,"JC, TG",
81,6/20/2023,19,1,1,,CB,8.5,809,,,,,,0,81,,,,,,,,,,,
82,6/20/2023,19,2,2,2,CB,8.5,844,9.845,539,,,42,727,82,42,42,Lesions on heart,Y,42,30,42,509,,"JC, TG",
83,6/20/2023,19,3,2,,CB,8.5,784,,,,,,0,83,,,,,,,,,,,
84,6/20/2023,19,4,1,1,MJR,7.5,667,4.65,417,,,44,728,84,44,44,N,Y,44,32,N/A,N/A,,"JC, TG",
85,6/20/2023,19,5,1,,MJR,7.5,684,,,,,,0,85,,,,,,,,,,,
86,6/20/2023,19,6,2,2,MJR,7.5,730,5.655,432,,,43,729,86,43,43,Spots on heart and lesions on liver,Y,43,31,43,192,,"JC, TG",
87,6/20/2023,19,7,2,,MJR,7.5,715,,,,,,0,87,,,,,,,,,,,
88,6/20/2023,19,8,2,1,MJR,7.5,652,3.95,392,,,45,730,88,45,45,N,Y,45,33,N/A,N/A,,"JC, TG",
89,6/20/2023,20,1,1,,DK,6.5,770,,,,,,0,89,,,,,,,,,,,
90,6/20/2023,20,2,1,1,DK,6.5,655,3.965,390,,,46,731,90,46,46,Spots on heart,Y,46,34,N/A,N/A,,"CB, KW",
91,6/20/2023,20,3,1,1,DK,6.5,688,4.075,394,,,47,732,91,47,47,N,Y,47,35,N/A,N/A,,"CB, KW",
92,6/20/2023,20,4,2,,DK,7.5,820,,,,,,0,92,,,,,,,,,,,
93,6/20/2023,20,5,2,1,DK,7.5,704,5.85,460,,,48,733,93,48,48,N,Y,48,36,N/A,N/A,,"CB, TG",
94,6/20/2023,20,6,2,,JC,5.25,700,,,,,,0,94,,,,,,,,,,,
95,6/20/2023,20,7,1,1,JC,2.75,576,2.74,355,,,49,734,95,49,49,N,Y,49,37,N/A,N/A,,"CB, TG",
96,6/21/2023,21,1,2,,DK,7.5,740,,,,,,0,96,,,,,,,,,,,
97,6/21/2023,21,2,1,,DK,7.5,700,,,,,,0,97,,,,,,,,,,,
98,6/21/2023,21,3,2,,DK,7.5,752,,,,,,0,98,,,,,,,,,,,
99,6/21/2023,21,4,2,2,DK,7.5,750,6.565,476,,,50,735,99,50,50,N,Y,50,38,50,796,,"CB, TG",
100,6/21/2023,21,5,1,1,DK,7.5,742,6.045,448,,,51,736,100,51,51,N,Y,51,39,N/A,N/A,,"CB, TG",
101,6/21/2023,21,6,2,2,DK,7.5,850,9.455,546,,,52,737,101,52,52,N,Y,52,40,52,417,,"CB, TG",
102,6/21/2023,21,7,1,,DK,7.5,730,,,,,,0,102,,,,,,,,,,,
103,6/21/2023,21,8,1,,DK,6.5,626,,,,,,0,103,,,,,,,,,,,
104,6/21/2023,22,1,2,,JN,6.5,693,,,,,,0,104,,,,,,,,,,,
105,6/21/2023,22,2,2,1,TG,7.5,694,4.91,424,,,53,738,105,53,53,N,Y,53,41,N/A,N/A,,CB,
106,6/21/2023,22,3,1,,RH,4,615,,,,,,0,106,,,,,,,,,,,
107,6/21/2023,22,4,2,1,RH,8.5,600,3.33,378,,,54,739,107,54,54,N,Y,54,42,N/A,N/A,,CB,
108,6/21/2023,22,5,2,2,RH,8.5,766,7.005,472,,,55,740,108,55,55,N,Y,55,43,55,340,,CB,
109,6/22/2023,0,0,2,,MJR,8.5,724,,,No Scales,,,0,109,,,,,,,,,,,
110,6/22/2023,23,1,2,1,MJR,8.5,715,5.415,433,,,56,741,110,56,56,"Worm on liver, adhesions on liver",Y,56,44,N/A,N/A,,"JC, RH",
111,6/22/2023,23,2,2,,MJ,7.5,738,,,,,,0,111,,,,,,,,,,,
112,6/22/2023,23,3,1,1,MJ,7.5,700,4.99,412,,,57,742,112,57,57,N,Y,57,45,N/A,N/A,,"CB, KW",
113,6/22/2023,24,1,2,,JN,7.5,708,,,,,,0,113,,,,,,,,,,,
114,6/22/2023,24,2,1,,JN,7.5,677,,,,,,0,114,,,,,,,,,,,
115,6/22/2023,24,3,2,1,JN,7.5,712,5.4,424,,,58,743,115,58,58,N,Y,58,46,N/A,N/A,,"JC, TG",
116,6/22/2023,24,4,2,,JN,7.5,683,,,,,,0,116,,,,,,,,,,,
117,6/22/2023,24,5,2,2,JN,6.5,739,6.555,484,,,59,744,117,59,59,N,Y,59,47,59,469,,"JC, TG",
118,6/22/2023,24,6,2,,JN,6.5,850,,,,,,0,118,,,,,,,,,,,
119,6/23/2023,25,1,1,,CB,2.75,642,,,,,,0,119,,,,,,,,,,,
120,6/23/2023,25,2,1,,CB,5.25,658,,,,,,0,120,,,,,,,,,,,
121,6/23/2023,25,3,2,2,RH,7.5,823,8.74,520,No skein samples taken,,60,746,121,60,60,N,Y - Wrong date on photo,60,48,N/A,N/A,,"JC, TG",
122,6/23/2023,25,4,2,,RH,7.5,840,,,,,,0,122,,,,,,,,,,,
123,6/23/2023,26,1,1,,JC,6.5,757,,,,,,0,123,,,,,,,,,,,
124,6/23/2023,26,2,2,,JC,6.5,781,,,,,,0,124,,,,,,,,,,,
125,6/23/2023,26,3,1,1,JC,6.5,660,4.325,400,,,61,747,125,61,61,N,Y - Wrong date on photo,61,49,N/A,N/A,,"RH, JC",
126,6/23/2023,26,4,1,,JC,6.5,650,,,,,,0,126,,,,,,,,,,,
127,6/23/2023,26,5,1,,JC,7.5,657,,,,,,0,127,,,,,,,,,,,
128,6/23/2023,26,6,1,,JC,7.5,689,,,,,,0,128,,,,,,,,,,,
129,6/23/2023,26,7,1,1,JC,7.5,687,5.26,454,,,62,748,129,62,62,N,Y - Wrong date on photo,62,50,N/A,N/A,,"RH, JC",
130,6/23/2023,26,8,1,,JC,7.5,688,,,,,,0,130,,,,,,,,,,,
131,6/23/2023,26,9,1,,JC,7.5,719,,,,,,0,131,,,,,,,,,,,
132,6/23/2023,26,10,1,1,JC,7.5,720,5.83,446,,,63,749,132,63,63,N,Y,63,51,N/A,N/A,,"RH, JC",
133,6/23/2023,27,1,1,,DK,4,717,,,,,,0,133,,,,,,,,,,,
134,6/23/2023,27,2,2,2,DK,4,819,7.05,454,,,64,750,134,64,64,Spots on heart,Y,64,52,64,279,,"RH, JC",
135,6/24/2023,28,1,2,,MJ,8.5,860,,,,,,0,135,,,,,,,,,,,
136,6/24/2023,28,2,2,,MJ,4,753,,,,,,0,136,,,,,,,,,,,
137,6/24/2023,28,3,2,1,MJR,6.5,677,4.565,405,,,65,102,137,65,65,Spots on heart,Y,65,53,N/A,N/A,,"RH, CB",
138,6/24/2023,28,4,2,,MJR,6.5,797,,,,,,0,138,,,,,,,,,,,
139,6/24/2023,28,5,2,,MJR,7.5,685,,,,,,0,139,,,,,,,,,,,
140,6/24/2023,28,6,2,,MJR,7.5,752,,,,,,0,140,,,,,,,,,,,
141,6/24/2023,28,7,2,,MJR,7.5,809,,,,,,0,141,,,,,,,,,,,
142,6/25/2023,29,1,1,1,MJR,6.5,645,4.23,404,,,66,103,142,66,66,N,Y,66,54,N/A,N/A,,RH,
143,6/25/2023,29,2,2,,MJR,6.5,562,,,,,,0,143,,,,,,,,,,,
144,6/25/2023,30,1,2,,DK,7.5,897,,,,,,0,144,,,,,,,,,,,
145,6/25/2023,30,2,2,,DK,7.5,666,,,,,,0,145,,,,,,,,,,,
146,6/25/2023,30,3,1,1,TG,8.5,719,6.325,476,,,67,104,146,67,67,N,Y,67,55,N/A,N/A,,"RH, CB",
147,6/26/2023,31,1,1,1,MJ,6.5,707,5.495,541,,,68,105,147,68,68,N,Y,68,56,N/A,N/A,,,RH
148,6/26/2023,31,2,2,,MJ,7.5,680,,,,,,,148,,,,,,,,,,,
149,6/26/2023,32,1,2,,CB,7.5,649,,,,,,,149,,,,,,,,,,,JC
150,6/26/2023,32,2,1,1,CB,6.5,681,4.705,422,,,69,107,150,69,69,N,Y,69,57,N/A,N/A,,,JC
151,6/26/2023,32,3,1,,CB,6.5,705,,,,,,,151,,,,,,,,,,,
152,6/26/2023,32,4,1,1,CB,6.5,801,7.98,510,,,70,108,152,70,70,Spotting on heart,Y,70,58,N/A,N/A,,,"JC,KW"
153,6/27/2023,33,1,1,,DK,7.5,696,,,,,,,153,,,,,,,,,,,
154,6/27/2023,33,2,2,2,DK,6.5,795,6.895,480,,,71,109,154,71,71,N,Y,71,59,71,247,,,"CB,TG"
155,6/28/2023,34,1,1,,DK,8.5,736,,,,,,,155,,,,,,,,,,,
156,6/28/2023,34,2,2,2,DK,4,818,7.34,484,,,72,110,156,72,72,Spotting and lesions on heart,Y,72,60,72,628,,,"CB,TG"
157,6/28/2023,34,3,2,,MJ,6.5,760,,,,,,,157,,,,,,,,,,,
158,6/28/2023,34,4,1,1,MJ,6.5,728,6.05,456,,,73,111,158,73,73,N,Y,73,61,N/A,N/A,,,"CB,TG"
159,6/28/2023,34,5,2,,MJ,6.5,755,,,,,,,159,,,,,,,,,,,
160,6/28/2023,35,1,1,,JN,7.5,698,,,,,,,160,,,,,,,,,,,
161,6/28/2023,35,2,2,2,JN,7.5,763,6.58,470,,,74,114,161,74,74,Heart looked misshaped,Y,74,62,74,199,,,CB
162,6/28/2023,35,3,1,1,JN,6.5,752,6.21,449,,,75,115,162,75,75,N,Y,75,63,N/A,N/A,,75,"CB,RM"
163,6/28/2023,35,4,2,,JN,6.5,740,,,,,,,163,,,,,,,,,,,
164,6/28/2023,35,5,2,,JN,6.5,652,,,,,,,164,,,,,,,,,,,
165,6/28/2023,35,6,1,,RH,5.25,719,,,No genetics collected,,,,,,,,,,,,,,,
166,6/28/2023,35,7,1,2,RH,5.25,638,3.725,210,,,76,116,165,76,76,N,Y,76,64,76,281,,76,"CB,RM"
167,6/29/2023,36,1,2,1,MJ,5.25,663,4.65,410,,,77,117,166,77,77,Spotting and lesions on heart,Y,77,65,N/A,N/A,,77,"TG,RH"
168,6/29/2023,36,2,2,,MJR,6.5,666,,,,,,,167,,,,,,,,,,,
169,6/29/2023,36,3,1,,MJR,6.5,657,,,,,,,168,,,,,,,,,,,
170,6/29/2023,36,4,1,1,MJR,6.5,546,3.845,388,,,78,118,169,78,78,N,Y,78,66,N/A,N/A,,78,"RH,TG"
171,6/29/2023,36,5,2,2,MJR,7.5,687,4.635,417,,,80,123,170,80,80,Two spots on heart,Y,80,68,80,319,,80,"RH,TG"
172,6/29/2023,36,6,2,,MJR,7.5,750,,,,,,,171,,,,,,,,,,,
173,6/29/2023,36,7,2,1,MJR,7.5,810,7.615,482,,,79,113,172,79,79,Lots of spotting,Y,79,67,N/A,N/A,,79,"RH,TG"
174,6/30/2023,37,1,1,,CB,8.5,794,,,,,,,173,,,,,,,,,,,
175,6/30/2023,37,2,1,1,CB,8.5,640,3.865,376,,,81,760,174,81,81,N,Y,81,69,N/A,N/A,,81,"JC,TG"
176,6/30/2023,37,3,1,,RH,6.5,575,,,,,,,175,,,,,,,,,,,
177,6/30/2023,37,4,1,,RH,7.5,735,,,,,,,176,,,,,,,,,,,
178,6/30/2023,37,5,1,1,RH,7.5,713,5.295,422,,,82,761,177,82,82,N,Y,82,70,N/A,N/A,,82,"JC,TG"
179,6/30/2023,37,6,2,,RH,7.5,714,,,,,,,178,,,,,,,,,,,
180,6/30/2023,37,7,1,1,RH,7.5,864,9.53,517,,,83,762,179,83,83,Spotting and lesions,Y,83,71,N/A,N/A,,83,"JC,TG"
181,6/30/2023,38,1,2,,JN,7.5,760,,,,,,,180,,,,,,,,,,,
182,6/30/2023,38,2,2,1,JN,7.5,730,5.54,433,,,84,763,181,84,84,N,Y,84,72,N/A,N/A,,84,"RH,CB"
183,6/30/2023,38,3,2,,JN,7.5,727,,,,,,,182,,,,,,,,,,,
184,6/30/2023,38,4,2,,JN,7.5,860,,,,,,,183,,,,,,,,,,,
185,6/30/2023,38,5,2,2,JN,7.5,750,6.14,460,,,85,764,184,85,85,N,Y,85,73,85,315,,85,"RH,CB"
186,6/30/2023,38,6,2,,JN,6.5,650,,,,,,,185,,,,,,,,,,,
187,7/1/2023,39,1,2,2,MJR,6.5,650,3.925,378,,,86,765,186,86,86,lots of spotting,Y,86,74,86,338,,86,"RH,JC"
188,7/1/2023,39,2,1,,MJR,6.5,710,,,,,,,187,,,,,,,,,,,
189,7/1/2023,39,3,1,1,MJR,6.5,650,3.94,376,,,87,766,188,87,87,N,Y,87,75,N/A,N/A,,87,"RH,JC"
190,7/1/2023,39,4,2,,MJR,6.5,860,,,,,,,189,,,,,,,,,,,
191,7/1/2023,40,1,2,1,JN,7.5,580,2.365,330,,,88,767,190,88,88,N,Y,88,76,N/A,N/A,,88,"RH,CB"
192,7/1/2023,40,2,2,,JN,7.5,808,,,,,,,191,,,,,,,,,,,
193,7/1/2023,40,3,2,,JN,7.5,828,,,,,,,192,,,,,,,,,,,
194,7/1/2023,40,4,2,2,JN,7.5,740,6.27,473,,,89,768,193,89,89,N,Y,89,77,89,835,,89,"RH,CB"
195,7/1/2023,40,5,2,,JN,6.5,750,,,,,,,194,,,,,,,,,,,
196,7/1/2023,40,6,2,,JN,6.5,788,,,,,,,195,,,,,,,,,,,
197,7/1/2023,40,7,2,1,JN,6.5,601,3.38,385,,,90,770,196,90,90,N,Y,90,78,N/A,N/A,,90,"RH,CB"
198,7/1/2023,40,8,2,2,JN,6.5,754,6.745,468,,,91,771,197,91,91,N,Y,91,79,91,206,,91,"RH,CB"
199,7/1/2023,40,9,1,,JN,6.5,653,,,,,,,198,,,,,,,,,,,
200,7/1/2023,40,10,1,2,JC,4,817,7.06,448,,,92,772,199,92,92,N,Y,92,80,92,198,,92,CB
201,7/1/2023,41,1,2,,JC,8.5,702,,,,,,,200,,,,,,,,,,,
202,7/1/2023,41,2,2,2,JC,8.5,805,8.37,514,,,93,773,201,93,93,N,Y,93,81,93,318,,93,CB
203,7/2/2023,42,1,1,,CB,8.5,765,,,,,,,202,,,,,,,,,,,
204,7/2/2023,42,2,2,2,CB,8.5,841,8.995,514,,,94,774,203,94,94,N,Y,94,82,94,770,,94,"JC, KW"
205,7/2/2023,42,3,2,2,MJR,6.5,730,6.465,470,,,96,775,204,96,96,Lots of spots/leisons,Y,96,84,96,185,,96,"JC, RH"
206,7/2/2023,42,4,2,,MJR,6.5,582,,,,,,,205,,,,,,,,,,,
207,7/2/2023,42,5,2,1,MJR,6.5,790,7.58,474,,,95,150,206,95,95,N,Y,95,83,N/A,N/A,,95,"JC, RM"
208,7/2/2023,42,6,2,,MJR,7.5,760,,,,,,,207,,,,,,,,,,,
209,7/2/2023,42,7,1,1,MJR,7.5,680,4.505,465,,,97,149,208,97,97,50+ Spots on heart,Y,97,85,N/A,N/A,,97,"JC, RH"
210,7/2/2023,43,1,2,,RH,7.5,718,,,,,,,209,,,,,,,,,,,
211,7/2/2023,43,2,1,1,RH,6.5,644,3.92,392,,,98,148,210,98,98,N,Y,98,86,N/A,N/A,,98,"CB, KW"
212,7/2/2023,43,3,1,1,RH,5.25,627,3.025,333,,,99,147,211,99,99,N,Y,99,87,N/A,N/A,,99,CB
213,7/3/2023,0,0,2,,MJR,8.5,765,,,Recapture radiotelemetry tag. Pink tag #28 from Emmo.,,,28,,,,,,,,,,,,
214,7/3/2023,44,1,2,1,MJR,6.5,700,4.365,390,,,100,146,212,100,100,Spots on heart,Y,100,88,N/A,N/A,,100,"TG, RH"
215,7/3/2023,44,2,1,2,MJR,8.5,833,9.22,530,,,101,145,213,101,101,Heart veins injected,Y,101,89,101,535,,101,"TG, RH"
216,7/4/2023,45,1,2,,CB,8.5,797,,,,,,,214,,,,,,,,,,,
217,7/4/2023,45,2,2,2,CB,8.5,910,11.86,572,,,102,144,215,102,102,Leisons on heart,Y,102,90,102,578,,102,"JC, TG"
218,7/4/2023,45,3,1,,CB,4,700,,,,,,,216,,,,,,,,,,,
219,7/4/2023,45,4,2,1,CB,6.5,644,4.135,405,,,103,142,217,103,103,Leisons on heart,Y,103,91,N/A,N/A,,103,"JC, TG"
220,7/4/2023,45,5,2,2,CB,6.5,638,3.42,373,,,104,141,218,104,104,15 White spots,Y,104,92,104,225,,104,"JC, TG"
221,7/4/2023,45,6,2,,CB,7.5,770,,,,,,,219,,,,,,,,,,,
222,7/4/2023,46,1,1,,JC,7.5,765,,,,,,,220,,,,,,,,,,,
223,7/4/2023,46,2,2,2,JC,7.5,750,6.16,450,,,105,140,221,105,105,N,Y,105,93,105,404,,105,"CB, KW"
224,7/4/2023,46,3,1,,JC,6.5,688,,,,,,,222,,,,,,,,,,,
225,7/4/2023,46,4,1,1,TG,5.25,752,7.26,498,,,106,139,223,106,106,N,Y,106,94,N/A,N/A,,106,"CB, KW"
226,7/5/2023,47,1,2,,MJ,7.5,830,,,,,,,224,,,,,,,,,,,
227,7/5/2023,47,2,2,2,MJ,7.5,748,6.44,485,,,107,138,225,107,107,N,Y,107,95,107,968,,107,"RH, TG"
228,7/5/2023,47,3,1,,MJ,7.5,940,,,,,,,226,,,,,,,,,,,
229,7/5/2023,47,4,2,1,MJ,7.5,740,5.675,433,,,108,137,227,108,108,N,Y,108,96,N/A,N/A,,108,"RH, TG"
230,7/5/2023,48,1,2,,RH,7.5,620,,,,,,,228,,,,,,,,,,,
231,7/5/2023,48,2,2,,RH,7.5,722,,,,,,,229,,,,,,,,,,,
232,7/5/2023,48,3,1,,RH,7.5,639,,,,,,,230,,,,,,,,,,,
233,7/5/2023,48,4,1,,RH,7.5,502,,,,,,,231,,,,,,,,,,,
234,7/5/2023,48,5,1,1,RH,7.5,742,5.485,422,,,111,136,232,111,111,N,Y,111,99,N/A,N/A,,111,"KW, RM"
235,7/5/2023,48,6,2,2,RH,7.5,810,9.295,529,,,110,135,233,110,110,N,Y,110,98,110,406,,110,"KW, RM"
236,7/5/2023,48,7,1,1,RH,7.5,756,6.83,428,,,109,134,234,109,109,N,Y,109,97,N/A,N/A,,109,"KW, RM"
237,7/5/2023,48,8,2,2,RH,7.5,818,7.975,475,,,112,133,235,112,112,N,Y,112,100,112,1113,,112,"KW, RM"
238,7/5/2023,48,9,1,,RH,6.5,726,,,,,,,236,,,,,,,,,,,
239,7/5/2023,48,10,2,2,RH,6.5,874,11.09,568,,,113,132,237,113,113,Misshaped heart,Y,113,101,113,628,,113,"KW, RM"
240,7/5/2023,49,1,2,,TG,8.5,762,,,,,,,238,,,,,,,,,,,
241,7/6/2023,50,1,1,,MJR,4,513,,,,,,,239,,,,,,,,,,,
242,7/6/2023,50,2,2,2,MJR,4,770,6.845,463,,,114,131,240,114,114,N,Y,114,102,114,225,,114,"CB, TG"
243,7/6/2023,50,3,1,,MJR,4,679,,,,,,,241,,,,,,,,,,,
244,7/6/2023,50,4,1,1,MJR,4,588,2.515,329,,,115,130,242,115,115,N,Y,115,103,N/A,N/A,,115,"CB, TG"
245,7/6/2023,50,5,2,2,MJR,8.5,760,6.85,474,,,116,129,243,116,116,N,Y,116,104,116,317,,116,"CB, TG"
246,7/6/2023,50,6,1,1,JC,5.25,690,4.99,434,,,117,128,244,117,117,N,Y,117,105,N/A,N/A,,117,CB
247,7/7/2023,51,1,2,,MJ,6.5,690,,,,,,,245,,,,,,,,,,,
248,7/7/2023,51,2,1,,MJ,6.5,980,,,,,,,246,,,,,,,,,,,
249,7/7/2023,51,3,1,1,MJ,6.5,653,3.855,385,,,118,127,247,118,118,10-20 spots,Y,118,106,N/A,N/A,,"JC,RH",118
250,7/7/2023,51,4,2,,MJ,6.5,727,,,,,,,248,,,,,,,,,,,
251,7/7/2023,51,5,1,1,MJ,6.5,613,3.335,375,,,119,126,249,119,119,N,Y,119,107,N/A,N/A,,"JC,RH",119
252,7/7/2023,51,6,2,1,MJ,6.5,717,5.21,442,,,120,151,250,120,120,N,Y,120,108,N/A,N/A,,"JC,RH",120
253,7/7/2023,52,1,2,,JC,7.5,774,,,,,,,251,,,,,,,,,,,
254,7/7/2023,52,2,1,1,JC,7.5,733,5.885,455,,,121,152,252,121,121,N,Y,121,109,N/A,N/A,,"CB,RM",121
255,7/7/2023,52,3,2,2,JC,7.5,805,7.29,480,,,122,153,253,122,122,A few white spots,Y,122,110,122,465,,"CB,RM",122
256,7/8/2023,53,1,2,,CB,4,725,,,,,,,254,,,,,,,,,,,
257,7/8/2023,54,1,2,,TG,6.5,705,,,,,,,255,,,,,,,,,,,
258,7/8/2023,54,2,2,1,TG,6.5,634,3.495,404,,,123,154,256,123,123,N,Y,123,111,N/A,N/A,,JC,123
259,7/9/2023,55,1,1,1,MJR,7.5,886,10.47,545,,,124,155,257,124,124,N,Y,124,112,N/A,N/A,,"RH, TG",124
260,7/9/2023,55,2,2,,MJR,6.5,830,,,No genetics collected,,,,,,,,,,,,,,,
261,7/9/2023,56,1,1,,DK,6.5,689,,,,,,,258,,,,,,,,,,,
262,7/9/2023,56,2,1,1,DK,7.5,790,7.63,444,No tagger on boat - fish retained - NO TAG,,125,,259,125,125,N,Y,125,113,N/A,N/A,,CB,125
263,7/9/2023,56,3,1,1,RH,4,700,4.985,430,,,126,156,260,126,126,N,Y,126,114,N/A,N/A,,CB,126
264,7/9/2023,56,4,1,,RH,4,704,,,,,,,261,,,,,,,,,,,
265,7/10/2023,57,1,2,,CB,8.5,839,,,,,,,262,,,,,,,,,,,
266,7/10/2023,57,2,1,1,MJR,6.5,570,2.75,338,,,127,157,263,127,127,N,Y,127,115,N/A,N/A,,KW,127
267,7/10/2023,57,3,2,1,MJR,7.5,630,3.255,347,,,128,158,264,128,128,Lots of ich bumps - like tongue,Y,128,116,N/A,N/A,,"KW, RH",128
268,7/10/2023,57,4,1,1,MJR,7.5,740,5.495,467,,,129,159,265,129,129,Lots of ich bumps - like tongue,Y,129,117,N/A,N/A,,"KW, RH",129
269,7/11/2023,58,1,2,2,MJ,7.5,792,8.015,499,,,130,160,266,130,130,N,Y,130,118,130,354,,JC,130
270,7/11/2023,59,1,2,2,DK,7.5,809,7.555,480,,,131,161,267,131,131,A few ich bumps,Y,131,119,131,440,,"CB, TG",131
271,7/11/2023,59,2,1,2,DK,7.5,850,9.365,535,,,132,162,268,132,132,N,Y,132,120,132,432,,"CB, TG",132
272,7/11/2023,59,3,1,1,JC,4,475,1.365,285,,,133,163,269,133,133,N,Y,133,121,N/A,N/A,,"CB, TG",133
273,7/11/2023,59,4,2,2,JC,8.5,830,7.88,490,,,134,164,270,134,134,Many Ich bumps,Y,134,122,134,413,,"CB,TG",134
274,7/12/2023,60,1,2,2,MJR,8.5,810,7.31,477,,,135,165,271,135,135,N,Y,135,123,135,370,,"CB, TG",135
275,7/12/2023,60,2,1,1,MJR,8.5,670,3.975,394,,,136,166,272,136,136,N,Y,136,124,N/A,N/A,,CB.TG,136
276,7/12/2023,60,3,1,1,MJR,4,380,0.805,232,,,137,167,273,137,137,N,y,137,125,N/A,N/A,,"CB, TG",137
277,7/12/2023,60,4,2,1,MJ,7.5,633,3.75,393,,,138,168,274,138,138,N,Y,138,126,N/A,N/A,,"CB, TG",138
278,7/12/2023,61,1,2,1,RH,6.5,673,4.605,423,,,139,169,275,139,139,N,Y,139,127,N/A,N/A,,CB,139
279,7/12/2023,61,2,2,2,RH,7.5,739,5.83,430,,,140,170,276,140,140,100+ Spots on both,Y,140,128,140,142,,CB,140
280,7/12/2023,61,3,1,1,TG,2.75,668,4.45,422,,,141,171,277,141,141,N,Y,141,129,N/A,N/A,,"CB, KW",141
281,7/13/2023,62,1,2,2,MJR,6.5,852,8.05,496,,,142,172,278,142,142,N,Y,142,130,142,892,,"RH,TG",142
282,7/13/2023,63,1,2,2,RH,6.5,772,6.485,460,,,143,173,279,143,143,100s white spots,Y,143,131,143,355,,"JC,TG",143
283,7/13/2023,63,2,1,1,DK,7.5,657,3.885,388,,,144,174,280,144,144,N,Y,144,132,N/A,N/A,,"JC,TG",144
284,7/14/2023,64,1,1,1,CB,7.5,430,1.2,263,,,146,175,281,146,146,One spot,Y,146,134,N/A,N/A,,"KW,TG",146
285,7/14/2023,64,2,1,1,CB,7.5,822,8.29,495,,,145,776,282,145,145,N,Y,145,133,N/A,N/A,,"KW,TG",145
286,7/14/2023,64,3,1,1,CB,6.5,664,3.985,397,,,147,777,283,147,147,1-3 spots,Y,147,135,N/A,N/A,,"KW,TG",147
287,7/14/2023,64,4,2,2,CB,6.5,828,8.39,502,,,148,778,284,148,148,N,Y,148,136,148,1241,,"KW,TG",148
288,7/14/2023,65,1,2,2,DK,7.5,800,6.95,471,,,149,779,285,149,149,N,Y,149,137,149,417,,"CB,RH,KW",149
289,7/14/2023,65,2,2,,DK,7.5,780,,,No genetics or scales collected,,,,,,,,,,,,,,,
290,7/14/2023,65,3,1,2,JN,5.25,740,5.67,460,,,150,781,286,150,150,N,Y,150,138,150,765,,"CB,RH",
291,7/15/2023,66,1,1,1,MJ,5.25,459,1.39,282,,,151,782,287,151,151,About 30 spots,Y,151,139,N/A,N/A,,"JC, KW",
292,7/15/2023,66,2,2,1,TG,7.5,746,6.98,488,,,153,783,288,153,153,N,Y,153,141,N/A,N/A,,"JC, KW",
293,7/15/2023,66,3,1,2,TG,6.5,822,8.665,515,,,152,784,289,152,152,N,Y,152,140,152,443,,"JC, KW",
294,7/15/2023,67,1,2,2,JN,8.5,755,6.395,483,,,154,785,290,154,154,N,Y,154,142,154,991,,"CB, RH",
295,7/16/2023,68,1,1,2,JC,8.5,790,6.95,481,,,155,786,291,155,155,N,Y,155,143,155,1076,,CB,
296,7/17/2023,69,1,2,1,TG,7.5,705,5.68,450,,,156,787,292,156,156,N,Y,156,144,N/A,N/A,,"CB, RH",
297,,,,,,,,,,,,,,,,,,,,,,,,,,
298,,,,,,,,,,,,,,,,,,,,,,,,,,
299,,,,,,,,,,,,,,,,,,,,,,,,,,
300,,,,,,,,,,,,,,,,,,,,,,,,,,
301,,,,,,,,,,,,,,,,,,,,,,,,,,
302,,,,,,,,,,,,,,,,,,,,,,,,,,
303,,,,,,,,,,,,,,,,,,,,,,,,,,
304,,,,,,,,,,,,,,,,,,,,,,,,,,
305,,,,,,,,,,,,,,,,,,,,,,,,,,
306,,,,,,,,,,,,,,,,,,,,,,,,,,
307,,,,,,,,,,,,,,,,,,,,,,,,,,
308,,,,,,,,,,,,,,,,,,,,,,,,,,
309,,,,,,,,,,,,,,,,,,,,,,,,,,
310,,,,,,,,,,,,,,,,,,,,,,,,,,
311,,,,,,,,,,,,,,,,,,,,,,,,,,
312,,,,,,,,,,,,,,,,,,,,,,,,,,
313,,,,,,,,,,,,,,,,,,,,,,,,,,
314,,,,,,,,,,,,,,,,,,,,,,,,,,
315,,,,,,,,,,,,,,,,,,,,,,,,,,
316,,,,,,,,,,,,,,,,,,,,,,,,,,
317,,,,,,,,,,,,,,,,,,,,,,,,,,
318,,,,,,,,,,,,,,,,,,,,,,,,,,
319,,,,,,,,,,,,,,,,,,,,,,,,,,
320,,,,,,,,,,,,,,,,,,,,,,,,,,
321,,,,,,,,,,,,,,,,,,,,,,,,,,
322,,,,,,,,,,,,,,,,,,,,,,,,,,
323,,,,,,,,,,,,,,,,,,,,,,,,,,
324,,,,,,,,,,,,,,,,,,,,,,,,,,
325,,,,,,,,,,,,,,,,,,,,,,,,,,
326,,,,,,,,,,,,,,,,,,,,,,,,,,
327,,,,,,,,,,,,,,,,,,,,,,,,,,
328,,,,,,,,,,,,,,,,,,,,,,,,,,
329,,,,,,,,,,,,,,,,,,,,,,,,,,
330,,,,,,,,,,,,,,,,,,,,,,,,,,
331,,,,,,,,,,,,,,,,,,,,,,,,,,
332,,,,,,,,,,,,,,,,,,,,,,,,,,
333,,,,,,,,,,,,,,,,,,,,,,,,,,
334,,,,,,,,,,,,,,,,,,,,,,,,,,
335,,,,,,,,,,,,,,,,,,,,,,,,,,
336,,,,,,,,,,,,,,,,,,,,,,,,,,
337,,,,,,,,,,,,,,,,,,,,,,,,,,
338,,,,,,,,,,,,,,,,,,,,,,,,,,
339,,,,,,,,,,,,,,,,,,,,,,,,,,
340,,,,,,,,,,,,,,,,,,,,,,,,,,
341,,,,,,,,,,,,,,,,,,,,,,,,,,
342,,,,,,,,,,,,,,,,,,,,,,,,,,
343,,,,,,,,,,,,,,,,,,,,,,,,,,
344,,,,,,,,,,,,,,,,,,,,,,,,,,
345,,,,,,,,,,,,,,,,,,,,,,,,,,
346,,,,,,,,,,,,,,,,,,,,,,,,,,
347,,,,,,,,,,,,,,,,,,,,,,,,,,
348,,,,,,,,,,,,,,,,,,,,,,,,,,
349,,,,,,,,,,,,,,,,,,,,,,,,,,
350,,,,,,,,,,,,,,,,,,,,,,,,,,
351,,,,,,,,,,,,,,,,,,,,,,,,,,
352,,,,,,,,,,,,,,,,,,,,,,,,,,
353,,,,,,,,,,,,,,,,,,,,,,,,,,
354,,,,,,,,,,,,,,,,,,,,,,,,,,
355,,,,,,,,,,,,,,,,,,,,,,,,,,
356,,,,,,,,,,,,,,,,,,,,,,,,,,
357,,,,,,,,,,,,,,,,,,,,,,,,,,
358,,,,,,,,,,,,,,,,,,,,,,,,,,
359,,,,,,,,,,,,,,,,,,,,,,,,,,
360,,,,,,,,,,,,,,,,,,,,,,,,,,
361,,,,,,,,,,,,,,,,,,,,,,,,,,
362,,,,,,,,,,,,,,,,,,,,,,,,,,
363,,,,,,,,,,,,,,,,,,,,,,,,,,
364,,,,,,,,,,,,,,,,,,,,,,,,,,
365,,,,,,,,,,,,,,,,,,,,,,,,,,
366,,,,,,,,,,,,,,,,,,,,,,,,,,
367,,,,,,,,,,,,,,,,,,,,,,,,,,
368,,,,,,,,,,,,,,,,,,,,,,,,,,
369,,,,,,,,,,,,,,,,,,,,,,,,,,
370,,,,,,,,,,,,,,,,,,,,,,,,,,
371,,,,,,,,,,,,,,,,,,,,,,,,,,
372,,,,,,,,,,,,,,,,,,,,,,,,,,
373,,,,,,,,,,,,,,,,,,,,,,,,,,
374,,,,,,,,,,,,,,,,,,,,,,,,,,
375,,,,,,,,,,,,,,,,,,,,,,,,,,
376,,,,,,,,,,,,,,,,,,,,,,,,,,
377,,,,,,,,,,,,,,,,,,,,,,,,,,
378,,,,,,,,,,,,,,,,,,,,,,,,,,
379,,,,,,,,,,,,,,,,,,,,,,,,,,
380,,,,,,,,,,,,,,,,,,,,,,,,,,
381,,,,,,,,,,,,,,,,,,,,,,,,,,
382,,,,,,,,,,,,,,,,,,,,,,,,,,
383,,,,,,,,,,,,,,,,,,,,,,,,,,
384,,,,,,,,,,,,,,,,,,,,,,,,,,
385,,,,,,,,,,,,,,,,,,,,,,,,,,
386,,,,,,,,,,,,,,,,,,,,,,,,,,
387,,,,,,,,,,,,,,,,,,,,,,,,,,
388,,,,,,,,,,,,,,,,,,,,,,,,,,
389,,,,,,,,,,,,,,,,,,,,,,,,,,
390,,,,,,,,,,,,,,,,,,,,,,,,,,
391,,,,,,,,,,,,,,,,,,,,,,,,,,
392,,,,,,,,,,,,,,,,,,,,,,,,,,
393,,,,,,,,,,,,,,,,,,,,,,,,,,
394,,,,,,,,,,,,,,,,,,,,,,,,,,
395,,,,,,,,,,,,,,,,,,,,,,,,,,
396,,,,,,,,,,,,,,,,,,,,,,,,,,
397,,,,,,,,,,,,,,,,,,,,,,,,,,
398,,,,,,,,,,,,,,,,,,,,,,,,,,
399,,,,,,,,,,,,,,,,,,,,,,,,,,
400,,,,,,,,,,,,,,,,,,,,,,,,,,
401,,,,,,,,,,,,,,,,,,,,,,,,,,
402,,,,,,,,,,,,,,,,,,,,,,,,,,
403,,,,,,,,,,,,,,,,,,,,,,,,,,
404,,,,,,,,,,,,,,,,,,,,,,,,,,
405,,,,,,,,,,,,,,,,,,,,,,,,,,
406,,,,,,,,,,,,,,,,,,,,,,,,,,
407,,,,,,,,,,,,,,,,,,,,,,,,,,
408,,,,,,,,,,,,,,,,,,,,,,,,,,
409,,,,,,,,,,,,,,,,,,,,,,,,,,
410,,,,,,,,,,,,,,,,,,,,,,,,,,
411,,,,,,,,,,,,,,,,,,,,,,,,,,
412,,,,,,,,,,,,,,,,,,,,,,,,,,
413,,,,,,,,,,,,,,,,,,,,,,,,,,
414,,,,,,,,,,,,,,,,,,,,,,,,,,
415,,,,,,,,,,,,,,,,,,,,,,,,,,
416,,,,,,,,,,,,,,,,,,,,,,,,,,
417,,,,,,,,,,,,,,,,,,,,,,,,,,
418,,,,,,,,,,,,,,,,,,,,,,,,,,
419,,,,,,,,,,,,,,,,,,,,,,,,,,
420,,,,,,,,,,,,,,,,,,,,,,,,,,
421,,,,,,,,,,,,,,,,,,,,,,,,,,
422,,,,,,,,,,,,,,,,,,,,,,,,,,
423,,,,,,,,,,,,,,,,,,,,,,,,,,
424,,,,,,,,,,,,,,,,,,,,,,,,,,
425,,,,,,,,,,,,,,,,,,,,,,,,,,
426,,,,,,,,,,,,,,,,,,,,,,,,,,
427,,,,,,,,,,,,,,,,,,,,,,,,,,
428,,,,,,,,,,,,,,,,,,,,,,,,,,
429,,,,,,,,,,,,,,,,,,,,,,,,,,
430,,,,,,,,,,,,,,,,,,,,,,,,,,
431,,,,,,,,,,,,,,,,,,,,,,,,,,
432,,,,,,,,,,,,,,,,,,,,,,,,,,
433,,,,,,,,,,,,,,,,,,,,,,,,,,
434,,,,,,,,,,,,,,,,,,,,,,,,,,
435,,,,,,,,,,,,,,,,,,,,,,,,,,
436,,,,,,,,,,,,,,,,,,,,,,,,,,
437,,,,,,,,,,,,,,,,,,,,,,,,,,
438,,,,,,,,,,,,,,,,,,,,,,,,,,
439,,,,,,,,,,,,,,,,,,,,,,,,,,
440,,,,,,,,,,,,,,,,,,,,,,,,,,
441,,,,,,,,,,,,,,,,,,,,,,,,,,
442,,,,,,,,,,,,,,,,,,,,,,,,,,
443,,,,,,,,,,,,,,,,,,,,,,,,,,
444,,,,,,,,,,,,,,,,,,,,,,,,,,
445,,,,,,,,,,,,,,,,,,,,,,,,,,
446,,,,,,,,,,,,,,,,,,,,,,,,,,
447,,,,,,,,,,,,,,,,,,,,,,,,,,
448,,,,,,,,,,,,,,,,,,,,,,,,,,
449,,,,,,,,,,,,,,,,,,,,,,,,,,
450,,,,,,,,,,,,,,,,,,,,,,,,,,
451,,,,,,,,,,,,,,,,,,,,,,,,,,
452,,,,,,,,,,,,,,,,,,,,,,,,,,
453,,,,,,,,,,,,,,,,,,,,,,,,,,
454,,,,,,,,,,,,,,,,,,,,,,,,,,
455,,,,,,,,,,,,,,,,,,,,,,,,,,
456,,,,,,,,,,,,,,,,,,,,,,,,,,
457,,,,,,,,,,,,,,,,,,,,,,,,,,
458,,,,,,,,,,,,,,,,,,,,,,,,,,
459,,,,,,,,,,,,,,,,,,,,,,,,,,
460,,,,,,,,,,,,,,,,,,,,,,,,,,
461,,,,,,,,,,,,,,,,,,,,,,,,,,
462,,,,,,,,,,,,,,,,,,,,,,,,,,
463,,,,,,,,,,,,,,,,,,,,,,,,,,
464,,,,,,,,,,,,,,,,,,,,,,,,,,
465,,,,,,,,,,,,,,,,,,,,,,,,,,
466,,,,,,,,,,,,,,,,,,,,,,,,,,
467,,,,,,,,,,,,,,,,,,,,,,,,,,
468,,,,,,,,,,,,,,,,,,,,,,,,,,
469,,,,,,,,,,,,,,,,,,,,,,,,,,
470,,,,,,,,,,,,,,,,,,,,,,,,,,
471,,,,,,,,,,,,,,,,,,,,,,,,,,
472,,,,,,,,,,,,,,,,,,,,,,,,,,
473,,,,,,,,,,,,,,,,,,,,,,,,,,
474,,,,,,,,,,,,,,,,,,,,,,,,,,
475,,,,,,,,,,,,,,,,,,,,,,,,,,
476,,,,,,,,,,,,,,,,,,,,,,,,,,
477,,,,,,,,,,,,,,,,,,,,,,,,,,
478,,,,,,,,,,,,,,,,,,,,,,,,,,
479,,,,,,,,,,,,,,,,,,,,,,,,,,
480,,,,,,,,,,,,,,,,,,,,,,,,,,
481,,,,,,,,,,,,,,,,,,,,,,,,,,
482,,,,,,,,,,,,,,,,,,,,,,,,,,
483,,,,,,,,,,,,,,,,,,,,,,,,,,
484,,,,,,,,,,,,,,,,,,,,,,,,,,
485,,,,,,,,,,,,,,,,,,,,,,,,,,
486,,,,,,,,,,,,,,,,,,,,,,,,,,
487,,,,,,,,,,,,,,,,,,,,,,,,,,
488,,,,,,,,,,,,,,,,,,,,,,,,,,
489,,,,,,,,,,,,,,,,,,,,,,,,,,
490,,,,,,,,,,,,,,,,,,,,,,,,,,
491,,,,,,,,,,,,,,,,,,,,,,,,,,
492,,,,,,,,,,,,,,,,,,,,,,,,,,
493,,,,,,,,,,,,,,,,,,,,,,,,,,
494,,,,,,,,,,,,,,,,,,,,,,,,,,
495,,,,,,,,,,,,,,,,,,,,,,,,,,
496,,,,,,,,,,,,,,,,,,,,,,,,,,
497,,,,,,,,,,,,,,,,,,,,,,,,,,
498,,,,,,,,,,,,,,,,,,,,,,,,,,
499,,,,,,,,,,,,,,,,,,,,,,,,,,
500,,,,,,,,,,,,,,,,,,,,,,,,,,
501,,,,,,,,,,,,,,,,,,,,,,,,,,
502,,,,,,,,,,,,,,,,,,,,,,,,,,
503,,,,,,,,,,,,,,,,,,,,,,,,,,
504,,,,,,,,,,,,,,,,,,,,,,,,,,
505,,,,,,,,,,,,,,,,,,,,,,,,,,
506,,,,,,,,,,,,,,,,,,,,,,,,,,
507,,,,,,,,,,,,,,,,,,,,,,,,,,
508,,,,,,,,,,,,,,,,,,,,,,,,,,
509,,,,,,,,,,,,,,,,,,,,,,,,,,
510,,,,,,,,,,,,,,,,,,,,,,,,,,
511,,,,,,,,,,,,,,,,,,,,,,,,,,
512,,,,,,,,,,,,,,,,,,,,,,,,,,
513,,,,,,,,,,,,,,,,,,,,,,,,,,
514,,,,,,,,,,,,,,,,,,,,,,,,,,
515,,,,,,,,,,,,,,,,,,,,,,,,,,
516,,,,,,,,,,,,,,,,,,,,,,,,,,
517,,,,,,,,,,,,,,,,,,,,,,,,,,
518,,,,,,,,,,,,,,,,,,,,,,,,,,
519,,,,,,,,,,,,,,,,,,,,,,,,,,
520,,,,,,,,,,,,,,,,,,,,,,,,,,
521,,,,,,,,,,,,,,,,,,,,,,,,,,
522,,,,,,,,,,,,,,,,,,,,,,,,,,
523,,,,,,,,,,,,,,,,,,,,,,,,,,
524,,,,,,,,,,,,,,,,,,,,,,,,,,
525,,,,,,,,,,,,,,,,,,,,,,,,,,
526,,,,,,,,,,,,,,,,,,,,,,,,,,
527,,,,,,,,,,,,,,,,,,,,,,,,,,
528,,,,,,,,,,,,,,,,,,,,,,,,,,
529,,,,,,,,,,,,,,,,,,,,,,,,,,
530,,,,,,,,,,,,,,,,,,,,,,,,,,
531,,,,,,,,,,,,,,,,,,,,,,,,,,
532,,,,,,,,,,,,,,,,,,,,,,,,,,
533,,,,,,,,,,,,,,,,,,,,,,,,,,
534,,,,,,,,,,,,,,,,,,,,,,,,,,
535,,,,,,,,,,,,,,,,,,,,,,,,,,
536,,,,,,,,,,,,,,,,,,,,,,,,,,
537,,,,,,,,,,,,,,,,,,,,,,,,,,
538,,,,,,,,,,,,,,,,,,,,,,,,,,
539,,,,,,,,,,,,,,,,,,,,,,,,,,
540,,,,,,,,,,,,,,,,,,,,,,,,,,
541,,,,,,,,,,,,,,,,,,,,,,,,,,
542,,,,,,,,,,,,,,,,,,,,,,,,,,
543,,,,,,,,,,,,,,,,,,,,,,,,,,
544,,,,,,,,,,,,,,,,,,,,,,,,,,
545,,,,,,,,,,,,,,,,,,,,,,,,,,
546,,,,,,,,,,,,,,,,,,,,,,,,,,
547,,,,,,,,,,,,,,,,,,,,,,,,,,
548,,,,,,,,,,,,,,,,,,,,,,,,,,
549,,,,,,,,,,,,,,,,,,,,,,,,,,
550,,,,,,,,,,,,,,,,,,,,,,,,,,
551,,,,,,,,,,,,,,,,,,,,,,,,,,
552,,,,,,,,,,,,,,,,,,,,,,,,,,
553,,,,,,,,,,,,,,,,,,,,,,,,,,
554,,,,,,,,,,,,,,,,,,,,,,,,,,
555,,,,,,,,,,,,,,,,,,,,,,,,,,
556,,,,,,,,,,,,,,,,,,,,,,,,,,
557,,,,,,,,,,,,,,,,,,,,,,,,,,
558,,,,,,,,,,,,,,,,,,,,,,,,,,
559,,,,,,,,,,,,,,,,,,,,,,,,,,
560,,,,,,,,,,,,,,,,,,,,,,,,,,
561,,,,,,,,,,,,,,,,,,,,,,,,,,
562,,,,,,,,,,,,,,,,,,,,,,,,,,
563,,,,,,,,,,,,,,,,,,,,,,,,,,
564,,,,,,,,,,,,,,,,,,,,,,,,,,
565,,,,,,,,,,,,,,,,,,,,,,,,,,
566,,,,,,,,,,,,,,,,,,,,,,,,,,
567,,,,,,,,,,,,,,,,,,,,,,,,,,
568,,,,,,,,,,,,,,,,,,,,,,,,,,
569,,,,,,,,,,,,,,,,,,,,,,,,,,
570,,,,,,,,,,,,,,,,,,,,,,,,,,
571,,,,,,,,,,,,,,,,,,,,,,,,,,
572,,,,,,,,,,,,,,,,,,,,,,,,,,
573,,,,,,,,,,,,,,,,,,,,,,,,,,
574,,,,,,,,,,,,,,,,,,,,,,,,,,
575,,,,,,,,,,,,,,,,,,,,,,,,,,
576,,,,,,,,,,,,,,,,,,,,,,,,,,
577,,,,,,,,,,,,,,,,,,,,,,,,,,
578,,,,,,,,,,,,,,,,,,,,,,,,,,
579,,,,,,,,,,,,,,,,,,,,,,,,,,
580,,,,,,,,,,,,,,,,,,,,,,,,,,
581,,,,,,,,,,,,,,,,,,,,,,,,,,
582,,,,,,,,,,,,,,,,,,,,,,,,,,
583,,,,,,,,,,,,,,,,,,,,,,,,,,
584,,,,,,,,,,,,,,,,,,,,,,,,,,
585,,,,,,,,,,,,,,,,,,,,,,,,,,
586,,,,,,,,,,,,,,,,,,,,,,,,,,
587,,,,,,,,,,,,,,,,,,,,,,,,,,
588,,,,,,,,,,,,,,,,,,,,,,,,,,
589,,,,,,,,,,,,,,,,,,,,,,,,,,
590,,,,,,,,,,,,,,,,,,,,,,,,,,
591,,,,,,,,,,,,,,,,,,,,,,,,,,
592,,,,,,,,,,,,,,,,,,,,,,,,,,
593,,,,,,,,,,,,,,,,,,,,,,,,,,
594,,,,,,,,,,,,,,,,,,,,,,,,,,
595,,,,,,,,,,,,,,,,,,,,,,,,,,
596,,,,,,,,,,,,,,,,,,,,,,,,,,
597,,,,,,,,,,,,,,,,,,,,,,,,,,
598,,,,,,,,,,,,,,,,,,,,,,,,,,
599,,,,,,,,,,,,,,,,,,,,,,,,,,
600,,,,,,,,,,,,,,,,,,,,,,,,,,
601,,,,,,,,,,,,,,,,,,,,,,,,,,
602,,,,,,,,,,,,,,,,,,,,,,,,,,
603,,,,,,,,,,,,,,,,,,,,,,,,,,
604,,,,,,,,,,,,,,,,,,,,,,,,,,
605,,,,,,,,,,,,,,,,,,,,,,,,,,
606,,,,,,,,,,,,,,,,,,,,,,,,,,
607,,,,,,,,,,,,,,,,,,,,,,,,,,
608,,,,,,,,,,,,,,,,,,,,,,,,,,
609,,,,,,,,,,,,,,,,,,,,,,,,,,
610,,,,,,,,,,,,,,,,,,,,,,,,,,
611,,,,,,,,,,,,,,,,,,,,,,,,,,
612,,,,,,,,,,,,,,,,,,,,,,,,,,
613,,,,,,,,,,,,,,,,,,,,,,,,,,
614,,,,,,,,,,,,,,,,,,,,,,,,,,
615,,,,,,,,,,,,,,,,,,,,,,,,,,
616,,,,,,,,,,,,,,,,,,,,,,,,,,
617,,,,,,,,,,,,,,,,,,,,,,,,,,
618,,,,,,,,,,,,,,,,,,,,,,,,,,
619,,,,,,,,,,,,,,,,,,,,,,,,,,
620,,,,,,,,,,,,,,,,,,,,,,,,,,
621,,,,,,,,,,,,,,,,,,,,,,,,,,
622,,,,,,,,,,,,,,,,,,,,,,,,,,
623,,,,,,,,,,,,,,,,,,,,,,,,,,
624,,,,,,,,,,,,,,,,,,,,,,,,,,
625,,,,,,,,,,,,,,,,,,,,,,,,,,
626,,,,,,,,,,,,,,,,,,,,,,,,,,
627,,,,,,,,,,,,,,,,,,,,,,,,,,
628,,,,,,,,,,,,,,,,,,,,,,,,,,
629,,,,,,,,,,,,,,,,,,,,,,,,,,
630,,,,,,,,,,,,,,,,,,,,,,,,,,
631,,,,,,,,,,,,,,,,,,,,,,,,,,
632,,,,,,,,,,,,,,,,,,,,,,,,,,
633,,,,,,,,,,,,,,,,,,,,,,,,,,
634,,,,,,,,,,,,,,,,,,,,,,,,,,
635,,,,,,,,,,,,,,,,,,,,,,,,,,
636,,,,,,,,,,,,,,,,,,,,,,,,,,
637,,,,,,,,,,,,,,,,,,,,,,,,,,
638,,,,,,,,,,,,,,,,,,,,,,,,,,
639,,,,,,,,,,,,,,,,,,,,,,,,,,
640,,,,,,,,,,,,,,,,,,,,,,,,,,
641,,,,,,,,,,,,,,,,,,,,,,,,,,
642,,,,,,,,,,,,,,,,,,,,,,,,,,
643,,,,,,,,,,,,,,,,,,,,,,,,,,
644,,,,,,,,,,,,,,,,,,,,,,,,,,
645,,,,,,,,,,,,,,,,,,,,,,,,,,
646,,,,,,,,,,,,,,,,,,,,,,,,,,
647,,,,,,,,,,,,,,,,,,,,,,,,,,
648,,,,,,,,,,,,,,,,,,,,,,,,,,
649,,,,,,,,,,,,,,,,,,,,,,,,,,
650,,,,,,,,,,,,,,,,,,,,,,,,,,
651,,,,,,,,,,,,,,,,,,,,,,,,,,
652,,,,,,,,,,,,,,,,,,,,,,,,,,
653,,,,,,,,,,,,,,,,,,,,,,,,,,
654,,,,,,,,,,,,,,,,,,,,,,,,,,
655,,,,,,,,,,,,,,,,,,,,,,,,,,
656,,,,,,,,,,,,,,,,,,,,,,,,,,
657,,,,,,,,,,,,,,,,,,,,,,,,,,
658,,,,,,,,,,,,,,,,,,,,,,,,,,
659,,,,,,,,,,,,,,,,,,,,,,,,,,
660,,,,,,,,,,,,,,,,,,,,,,,,,,
661,,,,,,,,,,,,,,,,,,,,,,,,,,
662,,,,,,,,,,,,,,,,,,,,,,,,,,
663,,,,,,,,,,,,,,,,,,,,,,,,,,
664,,,,,,,,,,,,,,,,,,,,,,,,,,
665,,,,,,,,,,,,,,,,,,,,,,,,,,
666,,,,,,,,,,,,,,,,,,,,,,,,,,
667,,,,,,,,,,,,,,,,,,,,,,,,,,
668,,,,,,,,,,,,,,,,,,,,,,,,,,
669,,,,,,,,,,,,,,,,,,,,,,,,,,
670,,,,,,,,,,,,,,,,,,,,,,,,,,
671,,,,,,,,,,,,,,,,,,,,,,,,,,
672,,,,,,,,,,,,,,,,,,,,,,,,,,
673,,,,,,,,,,,,,,,,,,,,,,,,,,
674,,,,,,,,,,,,,,,,,,,,,,,,,,
675,,,,,,,,,,,,,,,,,,,,,,,,,,
676,,,,,,,,,,,,,,,,,,,,,,,,,,
677,,,,,,,,,,,,,,,,,,,,,,,,,,
678,,,,,,,,,,,,,,,,,,,,,,,,,,
679,,,,,,,,,,,,,,,,,,,,,,,,,,
680,,,,,,,,,,,,,,,,,,,,,,,,,,
681,,,,,,,,,,,,,,,,,,,,,,,,,,
682,,,,,,,,,,,,,,,,,,,,,,,,,,
683,,,,,,,,,,,,,,,,,,,,,,,,,,
684,,,,,,,,,,,,,,,,,,,,,,,,,,
685,,,,,,,,,,,,,,,,,,,,,,,,,,
686,,,,,,,,,,,,,,,,,,,,,,,,,,
687,,,,,,,,,,,,,,,,,,,,,,,,,,
688,,,,,,,,,,,,,,,,,,,,,,,,,,
689,,,,,,,,,,,,,,,,,,,,,,,,,,
690,,,,,,,,,,,,,,,,,,,,,,,,,,
691,,,,,,,,,,,,,,,,,,,,,,,,,,
692,,,,,,,,,,,,,,,,,,,,,,,,,,
693,,,,,,,,,,,,,,,,,,,,,,,,,,
694,,,,,,,,,,,,,,,,,,,,,,,,,,
695,,,,,,,,,,,,,,,,,,,,,,,,,,
696,,,,,,,,,,,,,,,,,,,,,,,,,,
697,,,,,,,,,,,,,,,,,,,,,,,,,,
698,,,,,,,,,,,,,,,,,,,,,,,,,,
699,,,,,,,,,,,,,,,,,,,,,,,,,,
700,,,,,,,,,,,,,,,,,,,,,,,,,,
701,,,,,,,,,,,,,,,,,,,,,,,,,,
702,,,,,,,,,,,,,,,,,,,,,,,,,,
703,,,,,,,,,,,,,,,,,,,,,,,,,,
704,,,,,,,,,,,,,,,,,,,,,,,,,,
705,,,,,,,,,,,,,,,,,,,,,,,,,,
706,,,,,,,,,,,,,,,,,,,,,,,,,,
707,,,,,,,,,,,,,,,,,,,,,,,,,,
708,,,,,,,,,,,,,,,,,,,,,,,,,,
709,,,,,,,,,,,,,,,,,,,,,,,,,,
710,,,,,,,,,,,,,,,,,,,,,,,,,,
711,,,,,,,,,,,,,,,,,,,,,,,,,,
712,,,,,,,,,,,,,,,,,,,,,,,,,,
713,,,,,,,,,,,,,,,,,,,,,,,,,,
714,,,,,,,,,,,,,,,,,,,,,,,,,,
715,,,,,,,,,,,,,,,,,,,,,,,,,,
716,,,,,,,,,,,,,,,,,,,,,,,,,,
717,,,,,,,,,,,,,,,,,,,,,,,,,,
718,,,,,,,,,,,,,,,,,,,,,,,,,,
719,,,,,,,,,,,,,,,,,,,,,,,,,,
720,,,,,,,,,,,,,,,,,,,,,,,,,,
721,,,,,,,,,,,,,,,,,,,,,,,,,,
722,,,,,,,,,,,,,,,,,,,,,,,,,,
723,,,,,,,,,,,,,,,,,,,,,,,,,,
724,,,,,,,,,,,,,,,,,,,,,,,,,,
725,,,,,,,,,,,,,,,,,,,,,,,,,,
726,,,,,,,,,,,,,,,,,,,,,,,,,,
727,,,,,,,,,,,,,,,,,,,,,,,,,,
728,,,,,,,,,,,,,,,,,,,,,,,,,,
729,,,,,,,,,,,,,,,,,,,,,,,,,,
730,,,,,,,,,,,,,,,,,,,,,,,,,,
731,,,,,,,,,,,,,,,,,,,,,,,,,,
732,,,,,,,,,,,,,,,,,,,,,,,,,,
733,,,,,,,,,,,,,,,,,,,,,,,,,,
734,,,,,,,,,,,,,,,,,,,,,,,,,,
735,,,,,,,,,,,,,,,,,,,,,,,,,,
736,,,,,,,,,,,,,,,,,,,,,,,,,,
737,,,,,,,,,,,,,,,,,,,,,,,,,,
738,,,,,,,,,,,,,,,,,,,,,,,,,,
739,,,,,,,,,,,,,,,,,,,,,,,,,,
740,,,,,,,,,,,,,,,,,,,,,,,,,,
741,,,,,,,,,,,,,,,,,,,,,,,,,,
742,,,,,,,,,,,,,,,,,,,,,,,,,,
743,,,,,,,,,,,,,,,,,,,,,,,,,,
744,,,,,,,,,,,,,,,,,,,,,,,,,,
745,,,,,,,,,,,,,,,,,,,,,,,,,,
746,,,,,,,,,,,,,,,,,,,,,,,,,,
747,,,,,,,,,,,,,,,,,,,,,,,,,,
748,,,,,,,,,,,,,,,,,,,,,,,,,,
749,,,,,,,,,,,,,,,,,,,,,,,,,,
750,,,,,,,,,,,,,,,,,,,,,,,,,,
751,,,,,,,,,,,,,,,,,,,,,,,,,,
752,,,,,,,,,,,,,,,,,,,,,,,,,,
753,,,,,,,,,,,,,,,,,,,,,,,,,,
754,,,,,,,,,,,,,,,,,,,,,,,,,,
755,,,,,,,,,,,,,,,,,,,,,,,,,,
756,,,,,,,,,,,,,,,,,,,,,,,,,,
757,,,,,,,,,,,,,,,,,,,,,,,,,,
758,,,,,,,,,,,,,,,,,,,,,,,,,,
759,,,,,,,,,,,,,,,,,,,,,,,,,,
760,,,,,,,,,,,,,,,,,,,,,,,,,,
761,,,,,,,,,,,,,,,,,,,,,,,,,,
762,,,,,,,,,,,,,,,,,,,,,,,,,,
763,,,,,,,,,,,,,,,,,,,,,,,,,,
764,,,,,,,,,,,,,,,,,,,,,,,,,,
765,,,,,,,,,,,,,,,,,,,,,,,,,,
766,,,,,,,,,,,,,,,,,,,,,,,,,,
767,,,,,,,,,,,,,,,,,,,,,,,,,,
768,,,,,,,,,,,,,,,,,,,,,,,,,,
769,,,,,,,,,,,,,,,,,,,,,,,,,,
770,,,,,,,,,,,,,,,,,,,,,,,,,,
771,,,,,,,,,,,,,,,,,,,,,,,,,,
772,,,,,,,,,,,,,,,,,,,,,,,,,,
773,,,,,,,,,,,,,,,,,,,,,,,,,,
774,,,,,,,,,,,,,,,,,,,,,,,,,,
775,,,,,,,,,,,,,,,,,,,,,,,,,,
776,,,,,,,,,,,,,,,,,,,,,,,,,,
777,,,,,,,,,,,,,,,,,,,,,,,,,,
778,,,,,,,,,,,,,,,,,,,,,,,,,,
779,,,,,,,,,,,,,,,,,,,,,,,,,,
780,,,,,,,,,,,,,,,,,,,,,,,,,,
781,,,,,,,,,,,,,,,,,,,,,,,,,,
782,,,,,,,,,,,,,,,,,,,,,,,,,,
783,,,,,,,,,,,,,,,,,,,,,,,,,,
784,,,,,,,,,,,,,,,,,,,,,,,,,,
785,,,,,,,,,,,,,,,,,,,,,,,,,,
786,,,,,,,,,,,,,,,,,,,,,,,,,,
787,,,,,,,,,,,,,,,,,,,,,,,,,,
788,,,,,,,,,,,,,,,,,,,,,,,,,,
789,,,,,,,,,,,,,,,,,,,,,,,,,,
790,,,,,,,,,,,,,,,,,,,,,,,,,,
791,,,,,,,,,,,,,,,,,,,,,,,,,,
792,,,,,,,,,,,,,,,,,,,,,,,,,,
793,,,,,,,,,,,,,,,,,,,,,,,,,,
794,,,,,,,,,,,,,,,,,,,,,,,,,,
795,,,,,,,,,,,,,,,,,,,,,,,,,,
796,,,,,,,,,,,,,,,,,,,,,,,,,,
797,,,,,,,,,,,,,,,,,,,,,,,,,,
798,,,,,,,,,,,,,,,,,,,,,,,,,,
799,,,,,,,,,,,,,,,,,,,,,,,,,,
800,,,,,,,,,,,,,,,,,,,,,,,,,,
801,,,,,,,,,,,,,,,,,,,,,,,,,,
802,,,,,,,,,,,,,,,,,,,,,,,,,,
803,,,,,,,,,,,,,,,,,,,,,,,,,,
804,,,,,,,,,,,,,,,,,,,,,,,,,,
805,,,,,,,,,,,,,,,,,,,,,,,,,,
806,,,,,,,,,,,,,,,,,,,,,,,,,,
807,,,,,,,,,,,,,,,,,,,,,,,,,,
808,,,,,,,,,,,,,,,,,,,,,,,,,,
809,,,,,,,,,,,,,,,,,,,,,,,,,,
810,,,,,,,,,,,,,,,,,,,,,,,,,,
811,,,,,,,,,,,,,,,,,,,,,,,,,,
812,,,,,,,,,,,,,,,,,,,,,,,,,,
813,,,,,,,,,,,,,,,,,,,,,,,,,,
814,,,,,,,,,,,,,,,,,,,,,,,,,,
815,,,,,,,,,,,,,,,,,,,,,,,,,,
816,,,,,,,,,,,,,,,,,,,,,,,,,,
817,,,,,,,,,,,,,,,,,,,,,,,,,,
818,,,,,,,,,,,,,,,,,,,,,,,,,,
819,,,,,,,,,,,,,,,,,,,,,,,,,,
820,,,,,,,,,,,,,,,,,,,,,,,,,,
821,,,,,,,,,,,,,,,,,,,,,,,,,,
822,,,,,,,,,,,,,,,,,,,,,,,,,,
823,,,,,,,,,,,,,,,,,,,,,,,,,,
824,,,,,,,,,,,,,,,,,,,,,,,,,,
825,,,,,,,,,,,,,,,,,,,,,,,,,,
826,,,,,,,,,,,,,,,,,,,,,,,,,,
827,,,,,,,,,,,,,,,,,,,,,,,,,,
828,,,,,,,,,,,,,,,,,,,,,,,,,,
829,,,,,,,,,,,,,,,,,,,,,,,,,,
830,,,,,,,,,,,,,,,,,,,,,,,,,,
831,,,,,,,,,,,,,,,,,,,,,,,,,,
832,,,,,,,,,,,,,,,,,,,,,,,,,,
833,,,,,,,,,,,,,,,,,,,,,,,,,,
834,,,,,,,,,,,,,,,,,,,,,,,,,,
835,,,,,,,,,,,,,,,,,,,,,,,,,,
836,,,,,,,,,,,,,,,,,,,,,,,,,,
837,,,,,,,,,,,,,,,,,,,,,,,,,,
838,,,,,,,,,,,,,,,,,,,,,,,,,,
839,,,,,,,,,,,,,,,,,,,,,,,,,,
840,,,,,,,,,,,,,,,,,,,,,,,,,,
841,,,,,,,,,,,,,,,,,,,,,,,,,,
842,,,,,,,,,,,,,,,,,,,,,,,,,,
843,,,,,,,,,,,,,,,,,,,,,,,,,,
844,,,,,,,,,,,,,,,,,,,,,,,,,,
845,,,,,,,,,,,,,,,,,,,,,,,,,,
846,,,,,,,,,,,,,,,,,,,,,,,,,,
847,,,,,,,,,,,,,,,,,,,,,,,,,,
848,,,,,,,,,,,,,,,,,,,,,,,,,,
849,,,,,,,,,,,,,,,,,,,,,,,,,,
850,,,,,,,,,,,,,,,,,,,,,,,,,,
851,,,,,,,,,,,,,,,,,,,,,,,,,,
852,,,,,,,,,,,,,,,,,,,,,,,,,,
853,,,,,,,,,,,,,,,,,,,,,,,,,,
854,,,,,,,,,,,,,,,,,,,,,,,,,,
855,,,,,,,,,,,,,,,,,,,,,,,,,,
856,,,,,,,,,,,,,,,,,,,,,,,,,,
857,,,,,,,,,,,,,,,,,,,,,,,,,,
858,,,,,,,,,,,,,,,,,,,,,,,,,,
859,,,,,,,,,,,,,,,,,,,,,,,,,,
860,,,,,,,,,,,,,,,,,,,,,,,,,,
861,,,,,,,,,,,,,,,,,,,,,,,,,,
862,,,,,,,,,,,,,,,,,,,,,,,,,,
863,,,,,,,,,,,,,,,,,,,,,,,,,,
864,,,,,,,,,,,,,,,,,,,,,,,,,,
865,,,,,,,,,,,,,,,,,,,,,,,,,,
866,,,,,,,,,,,,,,,,,,,,,,,,,,
867,,,,,,,,,,,,,,,,,,,,,,,,,,
868,,,,,,,,,,,,,,,,,,,,,,,,,,
869,,,,,,,,,,,,,,,,,,,,,,,,,,
870,,,,,,,,,,,,,,,,,,,,,,,,,,
871,,,,,,,,,,,,,,,,,,,,,,,,,,
872,,,,,,,,,,,,,,,,,,,,,,,,,,
873,,,,,,,,,,,,,,,,,,,,,,,,,,
874,,,,,,,,,,,,,,,,,,,,,,,,,,
875,,,,,,,,,,,,,,,,,,,,,,,,,,
876,,,,,,,,,,,,,,,,,,,,,,,,,,
877,,,,,,,,,,,,,,,,,,,,,,,,,,
878,,,,,,,,,,,,,,,,,,,,,,,,,,
879,,,,,,,,,,,,,,,,,,,,,,,,,,
880,,,,,,,,,,,,,,,,,,,,,,,,,,
881,,,,,,,,,,,,,,,,,,,,,,,,,,
882,,,,,,,,,,,,,,,,,,,,,,,,,,
883,,,,,,,,,,,,,,,,,,,,,,,,,,
884,,,,,,,,,,,,,,,,,,,,,,,,,,
885,,,,,,,,,,,,,,,,,,,,,,,,,,
886,,,,,,,,,,,,,,,,,,,,,,,,,,
887,,,,,,,,,,,,,,,,,,,,,,,,,,
888,,,,,,,,,,,,,,,,,,,,,,,,,,
889,,,,,,,,,,,,,,,,,,,,,,,,,,
890,,,,,,,,,,,,,,,,,,,,,,,,,,
891,,,,,,,,,,,,,,,,,,,,,,,,,,
892,,,,,,,,,,,,,,,,,,,,,,,,,,
893,,,,,,,,,,,,,,,,,,,,,,,,,,
894,,,,,,,,,,,,,,,,,,,,,,,,,,
895,,,,,,,,,,,,,,,,,,,,,,,,,,
896,,,,,,,,,,,,,,,,,,,,,,,,,,
897,,,,,,,,,,,,,,,,,,,,,,,,,,
898,,,,,,,,,,,,,,,,,,,,,,,,,,
899,,,,,,,,,,,,,,,,,,,,,,,,,,
900,,,,,,,,,,,,,,,,,,,,,,,,,,
901,,,,,,,,,,,,,,,,,,,,,,,,,,
902,,,,,,,,,,,,,,,,,,,,,,,,,,
903,,,,,,,,,,,,,,,,,,,,,,,,,,
904,,,,,,,,,,,,,,,,,,,,,,,,,,
905,,,,,,,,,,,,,,,,,,,,,,,,,,
906,,,,,,,,,,,,,,,,,,,,,,,,,,
907,,,,,,,,,,,,,,,,,,,,,,,,,,
908,,,,,,,,,,,,,,,,,,,,,,,,,,
909,,,,,,,,,,,,,,,,,,,,,,,,,,
910,,,,,,,,,,,,,,,,,,,,,,,,,,
911,,,,,,,,,,,,,,,,,,,,,,,,,,
912,,,,,,,,,,,,,,,,,,,,,,,,,,
913,,,,,,,,,,,,,,,,,,,,,,,,,,
914,,,,,,,,,,,,,,,,,,,,,,,,,,
915,,,,,,,,,,,,,,,,,,,,,,,,,,
916,,,,,,,,,,,,,,,,,,,,,,,,,,
917,,,,,,,,,,,,,,,,,,,,,,,,,,
918,,,,,,,,,,,,,,,,,,,,,,,,,,
919,,,,,,,,,,,,,,,,,,,,,,,,,,
920,,,,,,,,,,,,,,,,,,,,,,,,,,
921,,,,,,,,,,,,,,,,,,,,,,,,,,
922,,,,,,,,,,,,,,,,,,,,,,,,,,
923,,,,,,,,,,,,,,,,,,,,,,,,,,
924,,,,,,,,,,,,,,,,,,,,,,,,,,
925,,,,,,,,,,,,,,,,,,,,,,,,,,
926,,,,,,,,,,,,,,,,,,,,,,,,,,
927,,,,,,,,,,,,,,,,,,,,,,,,,,
928,,,,,,,,,,,,,,,,,,,,,,,,,,
929,,,,,,,,,,,,,,,,,,,,,,,,,,
930,,,,,,,,,,,,,,,,,,,,,,,,,,
931,,,,,,,,,,,,,,,,,,,,,,,,,,
932,,,,,,,,,,,,,,,,,,,,,,,,,,
933,,,,,,,,,,,,,,,,,,,,,,,,,,
934,,,,,,,,,,,,,,,,,,,,,,,,,,
935,,,,,,,,,,,,,,,,,,,,,,,,,,
936,,,,,,,,,,,,,,,,,,,,,,,,,,
937,,,,,,,,,,,,,,,,,,,,,,,,,,
938,,,,,,,,,,,,,,,,,,,,,,,,,,
939,,,,,,,,,,,,,,,,,,,,,,,,,,
940,,,,,,,,,,,,,,,,,,,,,,,,,,
941,,,,,,,,,,,,,,,,,,,,,,,,,,
942,,,,,,,,,,,,,,,,,,,,,,,,,,
943,,,,,,,,,,,,,,,,,,,,,,,,,,
944,,,,,,,,,,,,,,,,,,,,,,,,,,
945,,,,,,,,,,,,,,,,,,,,,,,,,,
946,,,,,,,,,,,,,,,,,,,,,,,,,,
947,,,,,,,,,,,,,,,,,,,,,,,,,,
948,,,,,,,,,,,,,,,,,,,,,,,,,,
949,,,,,,,,,,,,,,,,,,,,,,,,,,
950,,,,,,,,,,,,,,,,,,,,,,,,,,
951,,,,,,,,,,,,,,,,,,,,,,,,,,
952,,,,,,,,,,,,,,,,,,,,,,,,,,
953,,,,,,,,,,,,,,,,,,,,,,,,,,
954,,,,,,,,,,,,,,,,,,,,,,,,,,
955,,,,,,,,,,,,,,,,,,,,,,,,,,
956,,,,,,,,,,,,,,,,,,,,,,,,,,
957,,,,,,,,,,,,,,,,,,,,,,,,,,
958,,,,,,,,,,,,,,,,,,,,,,,,,,
959,,,,,,,,,,,,,,,,,,,,,,,,,,
960,,,,,,,,,,,,,,,,,,,,,,,,,,
961,,,,,,,,,,,,,,,,,,,,,,,,,,
962,,,,,,,,,,,,,,,,,,,,,,,,,,
963,,,,,,,,,,,,,,,,,,,,,,,,,,
964,,,,,,,,,,,,,,,,,,,,,,,,,,
965,,,,,,,,,,,,,,,,,,,,,,,,,,
966,,,,,,,,,,,,,,,,,,,,,,,,,,
967,,,,,,,,,,,,,,,,,,,,,,,,,,
968,,,,,,,,,,,,,,,,,,,,,,,,,,
969,,,,,,,,,,,,,,,,,,,,,,,,,,
970,,,,,,,,,,,,,,,,,,,,,,,,,,
971,,,,,,,,,,,,,,,,,,,,,,,,,,
972,,,,,,,,,,,,,,,,,,,,,,,,,,
973,,,,,,,,,,,,,,,,,,,,,,,,,,
974,,,,,,,,,,,,,,,,,,,,,,,,,,
975,,,,,,,,,,,,,,,,,,,,,,,,,,
976,,,,,,,,,,,,,,,,,,,,,,,,,,
977,,,,,,,,,,,,,,,,,,,,,,,,,,
978,,,,,,,,,,,,,,,,,,,,,,,,,,
979,,,,,,,,,,,,,,,,,,,,,,,,,,
980,,,,,,,,,,,,,,,,,,,,,,,,,,
981,,,,,,,,,,,,,,,,,,,,,,,,,,
982,,,,,,,,,,,,,,,,,,,,,,,,,,
983,,,,,,,,,,,,,,,,,,,,,,,,,,
984,,,,,,,,,,,,,,,,,,,,,,,,,,
985,,,,,,,,,,,,,,,,,,,,,,,,,,
986,,,,,,,,,,,,,,,,,,,,,,,,,,
987,,,,,,,,,,,,,,,,,,,,,,,,,,
988,,,,,,,,,,,,,,,,,,,,,,,,,,
989,,,,,,,,,,,,,,,,,,,,,,,,,,
990,,,,,,,,,,,,,,,,,,,,,,,,,,
991,,,,,,,,,,,,,,,,,,,,,,,,,,
992,,,,,,,,,,,,,,,,,,,,,,,,,,
993,,,,,,,,,,,,,,,,,,,,,,,,,,
994,,,,,,,,,,,,,,,,,,,,,,,,,,
995,,,,,,,,,,,,,,,,,,,,,,,,,,
996,,,,,,,,,,,,,,,,,,,,,,,,,,
997,,,,,,,,,,,,,,,,,,,,,,,,,,
998,,,,,,,,,,,,,,,,,,,,,,,,,,
999,,,,,,,,,,,,,,,,,,,,,,,,,,
1000,,,,,,,,,,,,,,,,,,,,,,,,,,
1001,,,,,,,,,,,,,,,,,,,,,,,,,,
1002,,,,,,,,,,,,,,,,,,,,,,,,,,
1003,,,,,,,,,,,,,,,,,,,,,,,,,,
1004,,,,,,,,,,,,,,,,,,,,,,,,,,
1005,,,,,,,,,,,,,,,,,,,,,,,,,,
1006,,,,,,,,,,,,,,,,,,,,,,,,,,
1007,,,,,,,,,,,,,,,,,,,,,,,,,,
1008,,,,,,,,,,,,,,,,,,,,,,,,,,
1009,,,,,,,,,,,,,,,,,,,,,,,,,,
1010,,,,,,,,,,,,,,,,,,,,,,,,,,
1011,,,,,,,,,,,,,,,,,,,,,,,,,,
1012,,,,,,,,,,,,,,,,,,,,,,,,,,
1013,,,,,,,,,,,,,,,,,,,,,,,,,,
1014,,,,,,,,,,,,,,,,,,,,,,,,,,
1015,,,,,,,,,,,,,,,,,,,,,,,,,,
1016,,,,,,,,,,,,,,,,,,,,,,,,,,
1017,,,,,,,,,,,,,,,,,,,,,,,,,,
1018,,,,,,,,,,,,,,,,,,,,,,,,,,
1019,,,,,,,,,,,,,,,,,,,,,,,,,,
1020,,,,,,,,,,,,,,,,,,,,,,,,,,
1021,,,,,,,,,,,,,,,,,,,,,,,,,,
1022,,,,,,,,,,,,,,,,,,,,,,,,,,
1023,,,,,,,,,,,,,,,,,,,,,,,,,,
1024,,,,,,,,,,,,,,,,,,,,,,,,,,
1025,,,,,,,,,,,,,,,,,,,,,,,,,,
1026,,,,,,,,,,,,,,,,,,,,,,,,,,
1027,,,,,,,,,,,,,,,,,,,,,,,,,,
1028,,,,,,,,,,,,,,,,,,,,,,,,,,
1029,,,,,,,,,,,,,,,,,,,,,,,,,,
1030,,,,,,,,,,,,,,,,,,,,,,,,,,
1031,,,,,,,,,,,,,,,,,,,,,,,,,,
1032,,,,,,,,,,,,,,,,,,,,,,,,,,
1033,,,,,,,,,,,,,,,,,,,,,,,,,,
1034,,,,,,,,,,,,,,,,,,,,,,,,,,
1035,,,,,,,,,,,,,,,,,,,,,,,,,,
1036,,,,,,,,,,,,,,,,,,,,,,,,,,
1037,,,,,,,,,,,,,,,,,,,,,,,,,,
1038,,,,,,,,,,,,,,,,,,,,,,,,,,
1039,,,,,,,,,,,,,,,,,,,,,,,,,,
1040,,,,,,,,,,,,,,,,,,,,,,,,,,
1041,,,,,,,,,,,,,,,,,,,,,,,,,,
1042,,,,,,,,,,,,,,,,,,,,,,,,,,
1043,,,,,,,,,,,,,,,,,,,,,,,,,,
1044,,,,,,,,,,,,,,,,,,,,,,,,,,
1045,,,,,,,,,,,,,,,,,,,,,,,,,,
1046,,,,,,,,,,,,,,,,,,,,,,,,,,
1047,,,,,,,,,,,,,,,,,,,,,,,,,,
1048,,,,,,,,,,,,,,,,,,,,,,,,,,
1049,,,,,,,,,,,,,,,,,,,,,,,,,,
1050,,,,,,,,,,,,,,,,,,,,,,,,,,
1051,,,,,,,,,,,,,,,,,,,,,,,,,,
1052,,,,,,,,,,,,,,,,,,,,,,,,,,
1053,,,,,,,,,,,,,,,,,,,,,,,,,,
1054,,,,,,,,,,,,,,,,,,,,,,,,,,
1055,,,,,,,,,,,,,,,,,,,,,,,,,,
1056,,,,,,,,,,,,,,,,,,,,,,,,,,
1057,,,,,,,,,,,,,,,,,,,,,,,,,,
1058,,,,,,,,,,,,,,,,,,,,,,,,,,
1059,,,,,,,,,,,,,,,,,,,,,,,,,,
1060,,,,,,,,,,,,,,,,,,,,,,,,,,
1061,,,,,,,,,,,,,,,,,,,,,,,,,,
1062,,,,,,,,,,,,,,,,,,,,,,,,,,
1063,,,,,,,,,,,,,,,,,,,,,,,,,,
1064,,,,,,,,,,,,,,,,,,,,,,,,,,
1065,,,,,,,,,,,,,,,,,,,,,,,,,,
1066,,,,,,,,,,,,,,,,,,,,,,,,,,
1067,,,,,,,,,,,,,,,,,,,,,,,,,,
1068,,,,,,,,,,,,,,,,,,,,,,,,,,
1069,,,,,,,,,,,,,,,,,,,,,,,,,,
1070,,,,,,,,,,,,,,,,,,,,,,,,,,
1071,,,,,,,,,,,,,,,,,,,,,,,,,,
1072,,,,,,,,,,,,,,,,,,,,,,,,,,
1073,,,,,,,,,,,,,,,,,,,,,,,,,,
1074,,,,,,,,,,,,,,,,,,,,,,,,,,
1075,,,,,,,,,,,,,,,,,,,,,,,,,,
1076,,,,,,,,,,,,,,,,,,,,,,,,,,
1077,,,,,,,,,,,,,,,,,,,,,,,,,,
1078,,,,,,,,,,,,,,,,,,,,,,,,,,
1079,,,,,,,,,,,,,,,,,,,,,,,,,,
1080,,,,,,,,,,,,,,,,,,,,,,,,,,
1081,,,,,,,,,,,,,,,,,,,,,,,,,,
1082,,,,,,,,,,,,,,,,,,,,,,,,,,
1083,,,,,,,,,,,,,,,,,,,,,,,,,,
1084,,,,,,,,,,,,,,,,,,,,,,,,,,
1085,,,,,,,,,,,,,,,,,,,,,,,,,,
1086,,,,,,,,,,,,,,,,,,,,,,,,,,
1087,,,,,,,,,,,,,,,,,,,,,,,,,,
1088,,,,,,,,,,,,,,,,,,,,,,,,,,
1089,,,,,,,,,,,,,,,,,,,,,,,,,,
1090,,,,,,,,,,,,,,,,,,,,,,,,,,
1091,,,,,,,,,,,,,,,,,,,,,,,,,,
1092,,,,,,,,,,,,,,,,,,,,,,,,,,
1093,,,,,,,,,,,,,,,,,,,,,,,,,,
1094,,,,,,,,,,,,,,,,,,,,,,,,,,
1095,,,,,,,,,,,,,,,,,,,,,,,,,,
1096,,,,,,,,,,,,,,,,,,,,,,,,,,
1097,,,,,,,,,,,,,,,,,,,,,,,,,,
1098,,,,,,,,,,,,,,,,,,,,,,,,,,
1099,,,,,,,,,,,,,,,,,,,,,,,,,,
1100,,,,,,,,,,,,,,,,,,,,,,,,,,
1101,,,,,,,,,,,,,,,,,,,,,,,,,,
1102,,,,,,,,,,,,,,,,,,,,,,,,,,
1103,,,,,,,,,,,,,,,,,,,,,,,,,,
1104,,,,,,,,,,,,,,,,,,,,,,,,,,
1105,,,,,,,,,,,,,,,,,,,,,,,,,,
1106,,,,,,,,,,,,,,,,,,,,,,,,,,
1107,,,,,,,,,,,,,,,,,,,,,,,,,,
1108,,,,,,,,,,,,,,,,,,,,,,,,,,
1109,,,,,,,,,,,,,,,,,,,,,,,,,,
1110,,,,,,,,,,,,,,,,,,,,,,,,,,
1111,,,,,,,,,,,,,,,,,,,,,,,,,,
1112,,,,,,,,,,,,,,,,,,,,,,,,,,
1113,,,,,,,,,,,,,,,,,,,,,,,,,,
1114,,,,,,,,,,,,,,,,,,,,,,,,,,
1115,,,,,,,,,,,,,,,,,,,,,,,,,,
1116,,,,,,,,,,,,,,,,,,,,,,,,,,
1117,,,,,,,,,,,,,,,,,,,,,,,,,,
1118,,,,,,,,,,,,,,,,,,,,,,,,,,
1119,,,,,,,,,,,,,,,,,,,,,,,,,,
1120,,,,,,,,,,,,,,,,,,,,,,,,,,
1121,,,,,,,,,,,,,,,,,,,,,,,,,,
1122,,,,,,,,,,,,,,,,,,,,,,,,,,
1123,,,,,,,,,,,,,,,,,,,,,,,,,,
1124,,,,,,,,,,,,,,,,,,,,,,,,,,
1125,,,,,,,,,,,,,,,,,,,,,,,,,,
1126,,,,,,,,,,,,,,,,,,,,,,,,,,
1127,,,,,,,,,,,,,,,,,,,,,,,,,,
1128,,,,,,,,,,,,,,,,,,,,,,,,,,
1129,,,,,,,,,,,,,,,,,,,,,,,,,,
1130,,,,,,,,,,,,,,,,,,,,,,,,,,
1131,,,,,,,,,,,,,,,,,,,,,,,,,,
1132,,,,,,,,,,,,,,,,,,,,,,,,,,
1133,,,,,,,,,,,,,,,,,,,,,,,,,,
1134,,,,,,,,,,,,,,,,,,,,,,,,,,
1135,,,,,,,,,,,,,,,,,,,,,,,,,,
1136,,,,,,,,,,,,,,,,,,,,,,,,,,
1137,,,,,,,,,,,,,,,,,,,,,,,,,,
1138,,,,,,,,,,,,,,,,,,,,,,,,,,
1139,,,,,,,,,,,,,,,,,,,,,,,,,,
1140,,,,,,,,,,,,,,,,,,,,,,,,,,
1141,,,,,,,,,,,,,,,,,,,,,,,,,,
1142,,,,,,,,,,,,,,,,,,,,,,,,,,
1143,,,,,,,,,,,,,,,,,,,,,,,,,,
1144,,,,,,,,,,,,,,,,,,,,,,,,,,
1145,,,,,,,,,,,,,,,,,,,,,,,,,,
1146,,,,,,,,,,,,,,,,,,,,,,,,,,
1147,,,,,,,,,,,,,,,,,,,,,,,,,,
1148,,,,,,,,,,,,,,,,,,,,,,,,,,
1149,,,,,,,,,,,,,,,,,,,,,,,,,,
1150,,,,,,,,,,,,,,,,,,,,,,,,,,
1151,,,,,,,,,,,,,,,,,,,,,,,,,,
1152,,,,,,,,,,,,,,,,,,,,,,,,,,
1153,,,,,,,,,,,,,,,,,,,,,,,,,,
1154,,,,,,,,,,,,,,,,,,,,,,,,,,
1155,,,,,,,,,,,,,,,,,,,,,,,,,,
1156,,,,,,,,,,,,,,,,,,,,,,,,,,
1157,,,,,,,,,,,,,,,,,,,,,,,,,,
1158,,,,,,,,,,,,,,,,,,,,,,,,,,
1159,,,,,,,,,,,,,,,,,,,,,,,,,,
1160,,,,,,,,,,,,,,,,,,,,,,,,,,
1161,,,,,,,,,,,,,,,,,,,,,,,,,,
1162,,,,,,,,,,,,,,,,,,,,,,,,,,
1163,,,,,,,,,,,,,,,,,,,,,,,,,,
1164,,,,,,,,,,,,,,,,,,,,,,,,,,
1165,,,,,,,,,,,,,,,,,,,,,,,,,,
1166,,,,,,,,,,,,,,,,,,,,,,,,,,
1167,,,,,,,,,,,,,,,,,,,,,,,,,,
1168,,,,,,,,,,,,,,,,,,,,,,,,,,
1169,,,,,,,,,,,,,,,,,,,,,,,,,,
1170,,,,,,,,,,,,,,,,,,,,,,,,,,
1171,,,,,,,,,,,,,,,,,,,,,,,,,,
1172,,,,,,,,,,,,,,,,,,,,,,,,,,
1173,,,,,,,,,,,,,,,,,,,,,,,,,,
1174,,,,,,,,,,,,,,,,,,,,,,,,,,
1175,,,,,,,,,,,,,,,,,,,,,,,,,,
1176,,,,,,,,,,,,,,,,,,,,,,,,,,
1177,,,,,,,,,,,,,,,,,,,,,,,,,,
1178,,,,,,,,,,,,,,,,,,,,,,,,,,
1179,,,,,,,,,,,,,,,,,,,,,,,,,,
1180,,,,,,,,,,,,,,,,,,,,,,,,,,
1181,,,,,,,,,,,,,,,,,,,,,,,,,,
1182,,,,,,,,,,,,,,,,,,,,,,,,,,
1183,,,,,,,,,,,,,,,,,,,,,,,,,,
1184,,,,,,,,,,,,,,,,,,,,,,,,,,
1185,,,,,,,,,,,,,,,,,,,,,,,,,,
1186,,,,,,,,,,,,,,,,,,,,,,,,,,
1187,,,,,,,,,,,,,,,,,,,,,,,,,,
1188,,,,,,,,,,,,,,,,,,,,,,,,,,
1189,,,,,,,,,,,,,,,,,,,,,,,,,,
1190,,,,,,,,,,,,,,,,,,,,,,,,,,
1191,,,,,,,,,,,,,,,,,,,,,,,,,,
1192,,,,,,,,,,,,,,,,,,,,,,,,,,
1193,,,,,,,,,,,,,,,,,,,,,,,,,,
1194,,,,,,,,,,,,,,,,,,,,,,,,,,
1195,,,,,,,,,,,,,,,,,,,,,,,,,,
1196,,,,,,,,,,,,,,,,,,,,,,,,,,
1197,,,,,,,,,,,,,,,,,,,,,,,,,,
1198,,,,,,,,,,,,,,,,,,,,,,,,,,
1199,,,,,,,,,,,,,,,,,,,,,,,,,,
1200,,,,,,,,,,,,,,,,,,,,,,,,,,
1201,,,,,,,,,,,,,,,,,,,,,,,,,,
1202,,,,,,,,,,,,,,,,,,,,,,,,,,
1203,,,,,,,,,,,,,,,,,,,,,,,,,,
1204,,,,,,,,,,,,,,,,,,,,,,,,,,
1205,,,,,,,,,,,,,,,,,,,,,,,,,,
1206,,,,,,,,,,,,,,,,,,,,,,,,,,
1207,,,,,,,,,,,,,,,,,,,,,,,,,,
1208,,,,,,,,,,,,,,,,,,,,,,,,,,
1209,,,,,,,,,,,,,,,,,,,,,,,,,,
1210,,,,,,,,,,,,,,,,,,,,,,,,,,
1211,,,,,,,,,,,,,,,,,,,,,,,,,,
1212,,,,,,,,,,,,,,,,,,,,,,,,,,
1213,,,,,,,,,,,,,,,,,,,,,,,,,,
1214,,,,,,,,,,,,,,,,,,,,,,,,,,
1215,,,,,,,,,,,,,,,,,,,,,,,,,,
1216,,,,,,,,,,,,,,,,,,,,,,,,,,
1217,,,,,,,,,,,,,,,,,,,,,,,,,,
1218,,,,,,,,,,,,,,,,,,,,,,,,,,
1219,,,,,,,,,,,,,,,,,,,,,,,,,,
1220,,,,,,,,,,,,,,,,,,,,,,,,,,
1221,,,,,,,,,,,,,,,,,,,,,,,,,,
1222,,,,,,,,,,,,,,,,,,,,,,,,,,
1223,,,,,,,,,,,,,,,,,,,,,,,,,,
1224,,,,,,,,,,,,,,,,,,,,,,,,,,
1225,,,,,,,,,,,,,,,,,,,,,,,,,,
1226,,,,,,,,,,,,,,,,,,,,,,,,,,
1227,,,,,,,,,,,,,,,,,,,,,,,,,,
1228,,,,,,,,,,,,,,,,,,,,,,,,,,
1229,,,,,,,,,,,,,,,,,,,,,,,,,,
1230,,,,,,,,,,,,,,,,,,,,,,,,,,
1231,,,,,,,,,,,,,,,,,,,,,,,,,,
1232,,,,,,,,,,,,,,,,,,,,,,,,,,
1233,,,,,,,,,,,,,,,,,,,,,,,,,,
1234,,,,,,,,,,,,,,,,,,,,,,,,,,
1235,,,,,,,,,,,,,,,,,,,,,,,,,,
1236,,,,,,,,,,,,,,,,,,,,,,,,,,
1237,,,,,,,,,,,,,,,,,,,,,,,,,,
1238,,,,,,,,,,,,,,,,,,,,,,,,,,
1239,,,,,,,,,,,,,,,,,,,,,,,,,,
1240,,,,,,,,,,,,,,,,,,,,,,,,,,
1241,,,,,,,,,,,,,,,,,,,,,,,,,,
1242,,,,,,,,,,,,,,,,,,,,,,,,,,
1243,,,,,,,,,,,,,,,,,,,,,,,,,,
1244,,,,,,,,,,,,,,,,,,,,,,,,,,
1245,,,,,,,,,,,,,,,,,,,,,,,,,,
1246,,,,,,,,,,,,,,,,,,,,,,,,,,
1247,,,,,,,,,,,,,,,,,,,,,,,,,,
1248,,,,,,,,,,,,,,,,,,,,,,,,,,
1249,,,,,,,,,,,,,,,,,,,,,,,,,,
1250,,,,,,,,,,,,,,,,,,,,,,,,,,
1251,,,,,,,,,,,,,,,,,,,,,,,,,,
1252,,,,,,,,,,,,,,,,,,,,,,,,,,
1253,,,,,,,,,,,,,,,,,,,,,,,,,,
1254,,,,,,,,,,,,,,,,,,,,,,,,,,
1255,,,,,,,,,,,,,,,,,,,,,,,,,,
1256,,,,,,,,,,,,,,,,,,,,,,,,,,
1257,,,,,,,,,,,,,,,,,,,,,,,,,,
1258,,,,,,,,,,,,,,,,,,,,,,,,,,
1259,,,,,,,,,,,,,,,,,,,,,,,,,,
1260,,,,,,,,,,,,,,,,,,,,,,,,,,
1261,,,,,,,,,,,,,,,,,,,,,,,,,,
1262,,,,,,,,,,,,,,,,,,,,,,,,,,
1263,,,,,,,,,,,,,,,,,,,,,,,,,,
1264,,,,,,,,,,,,,,,,,,,,,,,,,,
1265,,,,,,,,,,,,,,,,,,,,,,,,,,
1266,,,,,,,,,,,,,,,,,,,,,,,,,,
1267,,,,,,,,,,,,,,,,,,,,,,,,,,
1268,,,,,,,,,,,,,,,,,,,,,,,,,,
1269,,,,,,,,,,,,,,,,,,,,,,,,,,
1270,,,,,,,,,,,,,,,,,,,,,,,,,,
1271,,,,,,,,,,,,,,,,,,,,,,,,,,
1272,,,,,,,,,,,,,,,,,,,,,,,,,,
1273,,,,,,,,,,,,,,,,,,,,,,,,,,
1274,,,,,,,,,,,,,,,,,,,,,,,,,,
1275,,,,,,,,,,,,,,,,,,,,,,,,,,
1276,,,,,,,,,,,,,,,,,,,,,,,,,,
1277,,,,,,,,,,,,,,,,,,,,,,,,,,
1278,,,,,,,,,,,,,,,,,,,,,,,,,,
1279,,,,,,,,,,,,,,,,,,,,,,,,,,
1280,,,,,,,,,,,,,,,,,,,,,,,,,,
1281,,,,,,,,,,,,,,,,,,,,,,,,,,
1282,,,,,,,,,,,,,,,,,,,,,,,,,,
1283,,,,,,,,,,,,,,,,,,,,,,,,,,
1284,,,,,,,,,,,,,,,,,,,,,,,,,,
1285,,,,,,,,,,,,,,,,,,,,,,,,,,
1286,,,,,,,,,,,,,,,,,,,,,,,,,,
1287,,,,,,,,,,,,,,,,,,,,,,,,,,
1288,,,,,,,,,,,,,,,,,,,,,,,,,,
1289,,,,,,,,,,,,,,,,,,,,,,,,,,
1290,,,,,,,,,,,,,,,,,,,,,,,,,,
1291,,,,,,,,,,,,,,,,,,,,,,,,,,
1292,,,,,,,,,,,,,,,,,,,,,,,,,,
1293,,,,,,,,,,,,,,,,,,,,,,,,,,
1294,,,,,,,,,,,,,,,,,,,,,,,,,,
1295,,,,,,,,,,,,,,,,,,,,,,,,,,
1296,,,,,,,,,,,,,,,,,,,,,,,,,,
1297,,,,,,,,,,,,,,,,,,,,,,,,,,
1298,,,,,,,,,,,,,,,,,,,,,,,,,,
1299,,,,,,,,,,,,,,,,,,,,,,,,,,
1300,,,,,,,,,,,,,,,,,,,,,,,,,,
1301,,,,,,,,,,,,,,,,,,,,,,,,,,
1302,,,,,,,,,,,,,,,,,,,,,,,,,,
1303,,,,,,,,,,,,,,,,,,,,,,,,,,
1304,,,,,,,,,,,,,,,,,,,,,,,,,,
1305,,,,,,,,,,,,,,,,,,,,,,,,,,
1306,,,,,,,,,,,,,,,,,,,,,,,,,,
1307,,,,,,,,,,,,,,,,,,,,,,,,,,
1308,,,,,,,,,,,,,,,,,,,,,,,,,,
1309,,,,,,,,,,,,,,,,,,,,,,,,,,
1310,,,,,,,,,,,,,,,,,,,,,,,,,,
1311,,,,,,,,,,,,,,,,,,,,,,,,,,
1312,,,,,,,,,,,,,,,,,,,,,,,,,,
1313,,,,,,,,,,,,,,,,,,,,,,,,,,
1314,,,,,,,,,,,,,,,,,,,,,,,,,,
1315,,,,,,,,,,,,,,,,,,,,,,,,,,
1316,,,,,,,,,,,,,,,,,,,,,,,,,,
1317,,,,,,,,,,,,,,,,,,,,,,,,,,
1318,,,,,,,,,,,,,,,,,,,,,,,,,,
1319,,,,,,,,,,,,,,,,,,,,,,,,,,
1320,,,,,,,,,,,,,,,,,,,,,,,,,,
1321,,,,,,,,,,,,,,,,,,,,,,,,,,
1322,,,,,,,,,,,,,,,,,,,,,,,,,,
1323,,,,,,,,,,,,,,,,,,,,,,,,,,
1324,,,,,,,,,,,,,,,,,,,,,,,,,,
1325,,,,,,,,,,,,,,,,,,,,,,,,,,
1326,,,,,,,,,,,,,,,,,,,,,,,,,,
1327,,,,,,,,,,,,,,,,,,,,,,,,,,
1328,,,,,,,,,,,,,,,,,,,,,,,,,,
1329,,,,,,,,,,,,,,,,,,,,,,,,,,
1330,,,,,,,,,,,,,,,,,,,,,,,,,,
1331,,,,,,,,,,,,,,,,,,,,,,,,,,
1332,,,,,,,,,,,,,,,,,,,,,,,,,,
1333,,,,,,,,,,,,,,,,,,,,,,,,,,
1334,,,,,,,,,,,,,,,,,,,,,,,,,,
1335,,,,,,,,,,,,,,,,,,,,,,,,,,
1336,,,,,,,,,,,,,,,,,,,,,,,,,,
1337,,,,,,,,,,,,,,,,,,,,,,,,,,
1338,,,,,,,,,,,,,,,,,,,,,,,,,,
1339,,,,,,,,,,,,,,,,,,,,,,,,,,
1340,,,,,,,,,,,,,,,,,,,,,,,,,,
1341,,,,,,,,,,,,,,,,,,,,,,,,,,
1342,,,,,,,,,,,,,,,,,,,,,,,,,,
1343,,,,,,,,,,,,,,,,,,,,,,,,,,
1344,,,,,,,,,,,,,,,,,,,,,,,,,,
1345,,,,,,,,,,,,,,,,,,,,,,,,,,
1346,,,,,,,,,,,,,,,,,,,,,,,,,,
1347,,,,,,,,,,,,,,,,,,,,,,,,,,
1348,,,,,,,,,,,,,,,,,,,,,,,,,,
1349,,,,,,,,,,,,,,,,,,,,,,,,,,
1350,,,,,,,,,,,,,,,,,,,,,,,,,,
1351,,,,,,,,,,,,,,,,,,,,,,,,,,
1352,,,,,,,,,,,,,,,,,,,,,,,,,,
1353,,,,,,,,,,,,,,,,,,,,,,,,,,
1354,,,,,,,,,,,,,,,,,,,,,,,,,,
1355,,,,,,,,,,,,,,,,,,,,,,,,,,
1356,,,,,,,,,,,,,,,,,,,,,,,,,,
1357,,,,,,,,,,,,,,,,,,,,,,,,,,
1358,,,,,,,,,,,,,,,,,,,,,,,,,,
1359,,,,,,,,,,,,,,,,,,,,,,,,,,
1360,,,,,,,,,,,,,,,,,,,,,,,,,,
1361,,,,,,,,,,,,,,,,,,,,,,,,,,
1362,,,,,,,,,,,,,,,,,,,,,,,,,,
1363,,,,,,,,,,,,,,,,,,,,,,,,,,
1364,,,,,,,,,,,,,,,,,,,,,,,,,,
1365,,,,,,,,,,,,,,,,,,,,,,,,,,
1366,,,,,,,,,,,,,,,,,,,,,,,,,,
1367,,,,,,,,,,,,,,,,,,,,,,,,,,
1368,,,,,,,,,,,,,,,,,,,,,,,,,,
1369,,,,,,,,,,,,,,,,,,,,,,,,,,
1370,,,,,,,,,,,,,,,,,,,,,,,,,,
1371,,,,,,,,,,,,,,,,,,,,,,,,,,
1372,,,,,,,,,,,,,,,,,,,,,,,,,,
1373,,,,,,,,,,,,,,,,,,,,,,,,,,
1374,,,,,,,,,,,,,,,,,,,,,,,,,,
1375,,,,,,,,,,,,,,,,,,,,,,,,,,
1376,,,,,,,,,,,,,,,,,,,,,,,,,,
1377,,,,,,,,,,,,,,,,,,,,,,,,,,
1378,,,,,,,,,,,,,,,,,,,,,,,,,,
1379,,,,,,,,,,,,,,,,,,,,,,,,,,
1380,,,,,,,,,,,,,,,,,,,,,,,,,,
1381,,,,,,,,,,,,,,,,,,,,,,,,,,
1382,,,,,,,,,,,,,,,,,,,,,,,,,,
1383,,,,,,,,,,,,,,,,,,,,,,,,,,
1384,,,,,,,,,,,,,,,,,,,,,,,,,,
1385,,,,,,,,,,,,,,,,,,,,,,,,,,
1386,,,,,,,,,,,,,,,,,,,,,,,,,,
1387,,,,,,,,,,,,,,,,,,,,,,,,,,
1388,,,,,,,,,,,,,,,,,,,,,,,,,,
1389,,,,,,,,,,,,,,,,,,,,,,,,,,
1390,,,,,,,,,,,,,,,,,,,,,,,,,,
1391,,,,,,,,,,,,,,,,,,,,,,,,,,
1392,,,,,,,,,,,,,,,,,,,,,,,,,,
1393,,,,,,,,,,,,,,,,,,,,,,,,,,
1394,,,,,,,,,,,,,,,,,,,,,,,,,,
1395,,,,,,,,,,,,,,,,,,,,,,,,,,
1396,,,,,,,,,,,,,,,,,,,,,,,,,,
1397,,,,,,,,,,,,,,,,,,,,,,,,,,
1398,,,,,,,,,,,,,,,,,,,,,,,,,,
1399,,,,,,,,,,,,,,,,,,,,,,,,,,
1400,,,,,,,,,,,,,,,,,,,,,,,,,,
1401,,,,,,,,,,,,,,,,,,,,,,,,,,
1402,,,,,,,,,,,,,,,,,,,,,,,,,,
1403,,,,,,,,,,,,,,,,,,,,,,,,,,
1404,,,,,,,,,,,,,,,,,,,,,,,,,,
1405,,,,,,,,,,,,,,,,,,,,,,,,,,
1406,,,,,,,,,,,,,,,,,,,,,,,,,,
1407,,,,,,,,,,,,,,,,,,,,,,,,,,
1408,,,,,,,,,,,,,,,,,,,,,,,,,,
1409,,,,,,,,,,,,,,,,,,,,,,,,,,
1410,,,,,,,,,,,,,,,,,,,,,,,,,,
1411,,,,,,,,,,,,,,,,,,,,,,,,,,
1412,,,,,,,,,,,,,,,,,,,,,,,,,,
1413,,,,,,,,,,,,,,,,,,,,,,,,,,
1414,,,,,,,,,,,,,,,,,,,,,,,,,,
1415,,,,,,,,,,,,,,,,,,,,,,,,,,
1416,,,,,,,,,,,,,,,,,,,,,,,,,,
1417,,,,,,,,,,,,,,,,,,,,,,,,,,
1418,,,,,,,,,,,,,,,,,,,,,,,,,,
1419,,,,,,,,,,,,,,,,,,,,,,,,,,
1420,,,,,,,,,,,,,,,,,,,,,,,,,,
1421,,,,,,,,,,,,,,,,,,,,,,,,,,
1422,,,,,,,,,,,,,,,,,,,,,,,,,,
1423,,,,,,,,,,,,,,,,,,,,,,,,,,
1424,,,,,,,,,,,,,,,,,,,,,,,,,,
1425,,,,,,,,,,,,,,,,,,,,,,,,,,
1426,,,,,,,,,,,,,,,,,,,,,,,,,,
1427,,,,,,,,,,,,,,,,,,,,,,,,,,
1428,,,,,,,,,,,,,,,,,,,,,,,,,,
1429,,,,,,,,,,,,,,,,,,,,,,,,,,
1430,,,,,,,,,,,,,,,,,,,,,,,,,,
1431,,,,,,,,,,,,,,,,,,,,,,,,,,
1432,,,,,,,,,,,,,,,,,,,,,,,,,,
1433,,,,,,,,,,,,,,,,,,,,,,,,,,
1434,,,,,,,,,,,,,,,,,,,,,,,,,,
1435,,,,,,,,,,,,,,,,,,,,,,,,,,
1436,,,,,,,,,,,,,,,,,,,,,,,,,,
1437,,,,,,,,,,,,,,,,,,,,,,,,,,
1438,,,,,,,,,,,,,,,,,,,,,,,,,,
1439,,,,,,,,,,,,,,,,,,,,,,,,,,
1440,,,,,,,,,,,,,,,,,,,,,,,,,,
1441,,,,,,,,,,,,,,,,,,,,,,,,,,
1442,,,,,,,,,,,,,,,,,,,,,,,,,,
1443,,,,,,,,,,,,,,,,,,,,,,,,,,
1444,,,,,,,,,,,,,,,,,,,,,,,,,,
1445,,,,,,,,,,,,,,,,,,,,,,,,,,
1446,,,,,,,,,,,,,,,,,,,,,,,,,,
1447,,,,,,,,,,,,,,,,,,,,,,,,,,
1448,,,,,,,,,,,,,,,,,,,,,,,,,,
1449,,,,,,,,,,,,,,,,,,,,,,,,,,
1450,,,,,,,,,,,,,,,,,,,,,,,,,,
1451,,,,,,,,,,,,,,,,,,,,,,,,,,
1452,,,,,,,,,,,,,,,,,,,,,,,,,,
1453,,,,,,,,,,,,,,,,,,,,,,,,,,
1454,,,,,,,,,,,,,,,,,,,,,,,,,,
1455,,,,,,,,,,,,,,,,,,,,,,,,,,
1456,,,,,,,,,,,,,,,,,,,,,,,,,,
1457,,,,,,,,,,,,,,,,,,,,,,,,,,
1458,,,,,,,,,,,,,,,,,,,,,,,,,,
1459,,,,,,,,,,,,,,,,,,,,,,,,,,
1460,,,,,,,,,,,,,,,,,,,,,,,,,,
1461,,,,,,,,,,,,,,,,,,,,,,,,,,
1462,,,,,,,,,,,,,,,,,,,,,,,,,,
1463,,,,,,,,,,,,,,,,,,,,,,,,,,
1464,,,,,,,,,,,,,,,,,,,,,,,,,,
1465,,,,,,,,,,,,,,,,,,,,,,,,,,
1466,,,,,,,,,,,,,,,,,,,,,,,,,,
1467,,,,,,,,,,,,,,,,,,,,,,,,,,
1468,,,,,,,,,,,,,,,,,,,,,,,,,,
1469,,,,,,,,,,,,,,,,,,,,,,,,,,
1470,,,,,,,,,,,,,,,,,,,,,,,,,,
1471,,,,,,,,,,,,,,,,,,,,,,,,,,
1472,,,,,,,,,,,,,,,,,,,,,,,,,,
1473,,,,,,,,,,,,,,,,,,,,,,,,,,
1474,,,,,,,,,,,,,,,,,,,,,,,,,,
1475,,,,,,,,,,,,,,,,,,,,,,,,,,
1476,,,,,,,,,,,,,,,,,,,,,,,,,,
1477,,,,,,,,,,,,,,,,,,,,,,,,,,
1478,,,,,,,,,,,,,,,,,,,,,,,,,,
1479,,,,,,,,,,,,,,,,,,,,,,,,,,
1480,,,,,,,,,,,,,,,,,,,,,,,,,,
1481,,,,,,,,,,,,,,,,,,,,,,,,,,
1482,,,,,,,,,,,,,,,,,,,,,,,,,,
1483,,,,,,,,,,,#REF!,,,,,,,,,,,,,,,
1484,,,,,,,,,,,#REF!,,,,,,,,,,,,,,,
1485,,,,,,,,,,,#REF!,,,,,,,,,,,,,,,
1486,,,,,,,,,,,#REF!,,,,,,,,,,,,,,,
1487,,,,,,,,,,,#REF!,,,,,,,,,,,,,,,
1488,,,,,,,,,,,#REF!,,,,,,,,,,,,,,,
1489,,,,,,,,,,,#REF!,,,,,,,,,,,,,,,
1490,,,,,,,,,,,#REF!,,,,,,,,,,,,,,,
1491,,,,,,,,,,,#REF!,,,,,,,,,,,,,,,
1492,,,,,,,,,,,#REF!,,,,,,,,,,,,,,,
1493,,,,,,,,,,,#REF!,,,,,,,,,,,,,,,
1494,,,,,,,,,,,#REF!,,,,,,,,,,,,,,,
1495,,,,,,,,,,,#REF!,,,,,,,,,,,,,,,
1496,,,,,,,,,,,#REF!,,,,,,,,,,,,,,,
1497,,,,,,,,,,,#REF!,,,,,,,,,,,,,,,
1498,,,,,,,,,,,#REF!,,,,,,,,,,,,,,,
1499,,,,,,,,,,,#REF!,,,,,,,,,,,,,,,
1500,,,,,,,,,,,#REF!,,,,,,,,,,,,,,,
1501,,,,,,,,,,,#REF!,,,,,,,,,,,,,,,
1502,,,,,,,,,,,#REF!,,,,,,,,,,,,,,,
1503,,,,,,,,,,,#REF!,,,,,,,,,,,,,,,
1504,,,,,,,,,,,#REF!,,,,,,,,,,,,,,,
1505,,,,,,,,,,,#REF!,,,,,,,,,,,,,,,
1506,,,,,,,,,,,#REF!,,,,,,,,,,,,,,,
1507,,,,,,,,,,,#REF!,,,,,,,,,,,,,,,
1508,,,,,,,,,,,#REF!,,,,,,,,,,,,,,,
1509,,,,,,,,,,,#REF!,,,,,,,,,,,,,,,
1510,,,,,,,,,,,#REF!,,,,,,,,,,,,,,,
1511,,,,,,,,,,,#REF!,,,,,,,,,,,,,,,
1512,,,,,,,,,,,#REF!,,,,,,,,,,,,,,,
1513,,,,,,,,,,,#REF!,,,,,,,,,,,,,,,
1514,,,,,,,,,,,#REF!,,,,,,,,,,,,,,,
1515,,,,,,,,,,,#REF!,,,,,,,,,,,,,,,
1516,,,,,,,,,,,#REF!,,,,,,,,,,,,,,,
1517,,,,,,,,,,,#REF!,,,,,,,,,,,,,,,
1518,,,,,,,,,,,#REF!,,,,,,,,,,,,,,,
1519,,,,,,,,,,,#REF!,,,,,,,,,,,,,,,
1520,,,,,,,,,,,#REF!,,,,,,,,,,,,,,,
1521,,,,,,,,,,,#REF!,,,,,,,,,,,,,,,
1522,,,,,,,,,,,#REF!,,,,,,,,,,,,,,,
1523,,,,,,,,,,,#REF!,,,,,,,,,,,,,,,
1524,,,,,,,,,,,#REF!,,,,,,,,,,,,,,,
1525,,,,,,,,,,,#REF!,,,,,,,,,,,,,,,
1526,,,,,,,,,,,#REF!,,,,,,,,,,,,,,,
1527,,,,,,,,,,,#REF!,,,,,,,,,,,,,,,
1528,,,,,,,,,,,#REF!,,,,,,,,,,,,,,,
1529,,,,,,,,,,,#REF!,,,,,,,,,,,,,,,
1530,,,,,,,,,,,#REF!,,,,,,,,,,,,,,,
1531,,,,,,,,,,,#REF!,,,,,,,,,,,,,,,
1532,,,,,,,,,,,#REF!,,,,,,,,,,,,,,,
1533,,,,,,,,,,,#REF!,,,,,,,,,,,,,,,
1534,,,,,,,,,,,#REF!,,,,,,,,,,,,,,,
1535,,,,,,,,,,,#REF!,,,,,,,,,,,,,,,
1536,,,,,,,,,,,#REF!,,,,,,,,,,,,,,,
1537,,,,,,,,,,,#REF!,,,,,,,,,,,,,,,
1538,,,,,,,,,,,#REF!,,,,,,,,,,,,,,,
1539,,,,,,,,,,,#REF!,,,,,,,,,,,,,,,
1540,,,,,,,,,,,#REF!,,,,,,,,,,,,,,,
1541,,,,,,,,,,,#REF!,,,,,,,,,,,,,,,
1542,,,,,,,,,,,#REF!,,,,,,,,,,,,,,,
1543,,,,,,,,,,,#REF!,,,,,,,,,,,,,,,
1544,,,,,,,,,,,#REF!,,,,,,,,,,,,,,,
1545,,,,,,,,,,,#REF!,,,,,,,,,,,,,,,
1546,,,,,,,,,,,#REF!,,,,,,,,,,,,,,,
1547,,,,,,,,,,,#REF!,,,,,,,,,,,,,,,
1548,,,,,,,,,,,#REF!,,,,,,,,,,,,,,,
1549,,,,,,,,,,,#REF!,,,,,,,,,,,,,,,
1550,,,,,,,,,,,#REF!,,,,,,,,,,,,,,,
1551,,,,,,,,,,,#REF!,,,,,,,,,,,,,,,
1552,,,,,,,,,,,#REF!,,,,,,,,,,,,,,,
1553,,,,,,,,,,,#REF!,,,,,,,,,,,,,,,
1554,,,,,,,,,,,#REF!,,,,,,,,,,,,,,,
1555,,,,,,,,,,,#REF!,,,,,,,,,,,,,,,
1556,,,,,,,,,,,#REF!,,,,,,,,,,,,,,,
1557,,,,,,,,,,,#REF!,,,,,,,,,,,,,,,
1558,,,,,,,,,,,#REF!,,,,,,,,,,,,,,,
1559,,,,,,,,,,,#REF!,,,,,,,,,,,,,,,
1560,,,,,,,,,,,#REF!,,,,,,,,,,,,,,,
1561,,,,,,,,,,,#REF!,,,,,,,,,,,,,,,
1562,,,,,,,,,,,#REF!,,,,,,,,,,,,,,,
1563,,,,,,,,,,,#REF!,,,,,,,,,,,,,,,
1564,,,,,,,,,,,#REF!,,,,,,,,,,,,,,,
1565,,,,,,,,,,,#REF!,,,,,,,,,,,,,,,
1566,,,,,,,,,,,#REF!,,,,,,,,,,,,,,,
1567,,,,,,,,,,,#REF!,,,,,,,,,,,,,,,
1568,,,,,,,,,,,#REF!,,,,,,,,,,,,,,,
1569,,,,,,,,,,,#REF!,,,,,,,,,,,,,,,
1570,,,,,,,,,,,#REF!,,,,,,,,,,,,,,,
1571,,,,,,,,,,,#REF!,,,,,,,,,,,,,,,
1572,,,,,,,,,,,#REF!,,,,,,,,,,,,,,,
1573,,,,,,,,,,,#REF!,,,,,,,,,,,,,,,
1574,,,,,,,,,,,#REF!,,,,,,,,,,,,,,,
1575,,,,,,,,,,,#REF!,,,,,,,,,,,,,,,
1576,,,,,,,,,,,#REF!,,,,,,,,,,,,,,,
1577,,,,,,,,,,,#REF!,,,,,,,,,,,,,,,
1578,,,,,,,,,,,#REF!,,,,,,,,,,,,,,,
1579,,,,,,,,,,,#REF!,,,,,,,,,,,,,,,
1580,,,,,,,,,,,#REF!,,,,,,,,,,,,,,,
1581,,,,,,,,,,,#REF!,,,,,,,,,,,,,,,
1582,,,,,,,,,,,#REF!,,,,,,,,,,,,,,,
1583,,,,,,,,,,,#REF!,,,,,,,,,,,,,,,
1584,,,,,,,,,,,#REF!,,,,,,,,,,,,,,,
1585,,,,,,,,,,,#REF!,,,,,,,,,,,,,,,
1586,,,,,,,,,,,#REF!,,,,,,,,,,,,,,,
1587,,,,,,,,,,,#REF!,,,,,,,,,,,,,,,
1588,,,,,,,,,,,#REF!,,,,,,,,,,,,,,,
1589,,,,,,,,,,,#REF!,,,,,,,,,,,,,,,
1590,,,,,,,,,,,#REF!,,,,,,,,,,,,,,,
1591,,,,,,,,,,,#REF!,,,,,,,,,,,,,,,
1592,,,,,,,,,,,#REF!,,,,,,,,,,,,,,,
1593,,,,,,,,,,,#REF!,,,,,,,,,,,,,,,
1594,,,,,,,,,,,#REF!,,,,,,,,,,,,,,,
1595,,,,,,,,,,,#REF!,,,,,,,,,,,,,,,
1596,,,,,,,,,,,#REF!,,,,,,,,,,,,,,,
1597,,,,,,,,,,,#REF!,,,,,,,,,,,,,,,
1598,,,,,,,,,,,#REF!,,,,,,,,,,,,,,,
1599,,,,,,,,,,,#REF!,,,,,,,,,,,,,,,
1600,,,,,,,,,,,#REF!,,,,,,,,,,,,,,,
1601,,,,,,,,,,,#REF!,,,,,,,,,,,,,,,
1602,,,,,,,,,,,#REF!,,,,,,,,,,,,,,,
1603,,,,,,,,,,,#REF!,,,,,,,,,,,,,,,
1604,,,,,,,,,,,#REF!,,,,,,,,,,,,,,,
1605,,,,,,,,,,,#REF!,,,,,,,,,,,,,,,
1606,,,,,,,,,,,#REF!,,,,,,,,,,,,,,,
1607,,,,,,,,,,,#REF!,,,,,,,,,,,,,,,
1608,,,,,,,,,,,#REF!,,,,,,,,,,,,,,,
1609,,,,,,,,,,,#REF!,,,,,,,,,,,,,,,
1610,,,,,,,,,,,#REF!,,,,,,,,,,,,,,,
1611,,,,,,,,,,,#REF!,,,,,,,,,,,,,,,
1612,,,,,,,,,,,#REF!,,,,,,,,,,,,,,,
1613,,,,,,,,,,,#REF!,,,,,,,,,,,,,,,
1614,,,,,,,,,,,#REF!,,,,,,,,,,,,,,,
1615,,,,,,,,,,,#REF!,,,,,,,,,,,,,,,
1616,,,,,,,,,,,#REF!,,,,,,,,,,,,,,,
1617,,,,,,,,,,,#REF!,,,,,,,,,,,,,,,
1618,,,,,,,,,,,#REF!,,,,,,,,,,,,,,,
1619,,,,,,,,,,,#REF!,,,,,,,,,,,,,,,
1620,,,,,,,,,,,#REF!,,,,,,,,,,,,,,,
1621,,,,,,,,,,,#REF!,,,,,,,,,,,,,,,
1622,,,,,,,,,,,#REF!,,,,,,,,,,,,,,,
1623,,,,,,,,,,,#REF!,,,,,,,,,,,,,,,
1624,,,,,,,,,,,#REF!,,,,,,,,,,,,,,,
1625,,,,,,,,,,,#REF!,,,,,,,,,,,,,,,
1626,,,,,,,,,,,#REF!,,,,,,,,,,,,,,,
1627,,,,,,,,,,,#REF!,,,,,,,,,,,,,,,
1628,,,,,,,,,,,#REF!,,,,,,,,,,,,,,,
1629,,,,,,,,,,,#REF!,,,,,,,,,,,,,,,
1630,,,,,,,,,,,#REF!,,,,,,,,,,,,,,,
1631,,,,,,,,,,,#REF!,,,,,,,,,,,,,,,
1632,,,,,,,,,,,#REF!,,,,,,,,,,,,,,,
1633,,,,,,,,,,,#REF!,,,,,,,,,,,,,,,
1634,,,,,,,,,,,#REF!,,,,,,,,,,,,,,,
1635,,,,,,,,,,,#REF!,,,,,,,,,,,,,,,
1636,,,,,,,,,,,#REF!,,,,,,,,,,,,,,,
1637,,,,,,,,,,,#REF!,,,,,,,,,,,,,,,
1638,,,,,,,,,,,#REF!,,,,,,,,,,,,,,,
1639,,,,,,,,,,,#REF!,,,,,,,,,,,,,,,
1640,,,,,,,,,,,#REF!,,,,,,,,,,,,,,,
1641,,,,,,,,,,,#REF!,,,,,,,,,,,,,,,
1642,,,,,,,,,,,#REF!,,,,,,,,,,,,,,,
1643,,,,,,,,,,,#REF!,,,,,,,,,,,,,,,
1644,,,,,,,,,,,#REF!,,,,,,,,,,,,,,,
1645,,,,,,,,,,,#REF!,,,,,,,,,,,,,,,
1646,,,,,,,,,,,#REF!,,,,,,,,,,,,,,,
1647,,,,,,,,,,,#REF!,,,,,,,,,,,,,,,
1648,,,,,,,,,,,#REF!,,,,,,,,,,,,,,,
1649,,,,,,,,,,,#REF!,,,,,,,,,,,,,,,
1650,,,,,,,,,,,#REF!,,,,,,,,,,,,,,,
1651,,,,,,,,,,,#REF!,,,,,,,,,,,,,,,
1652,,,,,,,,,,,#REF!,,,,,,,,,,,,,,,
1653,,,,,,,,,,,#REF!,,,,,,,,,,,,,,,
1654,,,,,,,,,,,#REF!,,,,,,,,,,,,,,,
1655,,,,,,,,,,,#REF!,,,,,,,,,,,,,,,
1656,,,,,,,,,,,#REF!,,,,,,,,,,,,,,,
1657,,,,,,,,,,,#REF!,,,,,,,,,,,,,,,
1658,,,,,,,,,,,#REF!,,,,,,,,,,,,,,,
1659,,,,,,,,,,,#REF!,,,,,,,,,,,,,,,
1660,,,,,,,,,,,#REF!,,,,,,,,,,,,,,,
1661,,,,,,,,,,,#REF!,,,,,,,,,,,,,,,
1662,,,,,,,,,,,#REF!,,,,,,,,,,,,,,,
1663,,,,,,,,,,,#REF!,,,,,,,,,,,,,,,
1664,,,,,,,,,,,#REF!,,,,,,,,,,,,,,,
1665,,,,,,,,,,,#REF!,,,,,,,,,,,,,,,
1666,,,,,,,,,,,#REF!,,,,,,,,,,,,,,,
1667,,,,,,,,,,,#REF!,,,,,,,,,,,,,,,
1668,,,,,,,,,,,#REF!,,,,,,,,,,,,,,,
1669,,,,,,,,,,,#REF!,,,,,,,,,,,,,,,
1670,,,,,,,,,,,#REF!,,,,,,,,,,,,,,,
1671,,,,,,,,,,,#REF!,,,,,,,,,,,,,,,
1672,,,,,,,,,,,#REF!,,,,,,,,,,,,,,,
1673,,,,,,,,,,,#REF!,,,,,,,,,,,,,,,
1674,,,,,,,,,,,#REF!,,,,,,,,,,,,,,,
1675,,,,,,,,,,,#REF!,,,,,,,,,,,,,,,
1676,,,,,,,,,,,#REF!,,,,,,,,,,,,,,,
1677,,,,,,,,,,,#REF!,,,,,,,,,,,,,,,
1678,,,,,,,,,,,#REF!,,,,,,,,,,,,,,,
1679,,,,,,,,,,,#REF!,,,,,,,,,,,,,,,
1680,,,,,,,,,,,#REF!,,,,,,,,,,,,,,,
1681,,,,,,,,,,,#REF!,,,,,,,,,,,,,,,
1682,,,,,,,,,,,#REF!,,,,,,,,,,,,,,,
1683,,,,,,,,,,,#REF!,,,,,,,,,,,,,,,
1684,,,,,,,,,,,#REF!,,,,,,,,,,,,,,,
1685,,,,,,,,,,,#REF!,,,,,,,,,,,,,,,
1686,,,,,,,,,,,#REF!,,,,,,,,,,,,,,,
1687,,,,,,,,,,,#REF!,,,,,,,,,,,,,,,
1688,,,,,,,,,,,#REF!,,,,,,,,,,,,,,,
1689,,,,,,,,,,,#REF!,,,,,,,,,,,,,,,
1690,,,,,,,,,,,#REF!,,,,,,,,,,,,,,,
1691,,,,,,,,,,,#REF!,,,,,,,,,,,,,,,
1692,,,,,,,,,,,#REF!,,,,,,,,,,,,,,,
1693,,,,,,,,,,,#REF!,,,,,,,,,,,,,,,
1694,,,,,,,,,,,#REF!,,,,,,,,,,,,,,,
1695,,,,,,,,,,,#REF!,,,,,,,,,,,,,,,
1696,,,,,,,,,,,#REF!,,,,,,,,,,,,,,,
1697,,,,,,,,,,,#REF!,,,,,,,,,,,,,,,
1698,,,,,,,,,,,#REF!,,,,,,,,,,,,,,,
1699,,,,,,,,,,,#REF!,,,,,,,,,,,,,,,
1700,,,,,,,,,,,#REF!,,,,,,,,,,,,,,,
1701,,,,,,,,,,,#REF!,,,,,,,,,,,,,,,
1702,,,,,,,,,,,#REF!,,,,,,,,,,,,,,,
1703,,,,,,,,,,,#REF!,,,,,,,,,,,,,,,
1704,,,,,,,,,,,#REF!,,,,,,,,,,,,,,,
1705,,,,,,,,,,,#REF!,,,,,,,,,,,,,,,
1706,,,,,,,,,,,#REF!,,,,,,,,,,,,,,,
1707,,,,,,,,,,,#REF!,,,,,,,,,,,,,,,
1708,,,,,,,,,,,#REF!,,,,,,,,,,,,,,,
1709,,,,,,,,,,,#REF!,,,,,,,,,,,,,,,
1710,,,,,,,,,,,#REF!,,,,,,,,,,,,,,,
1711,,,,,,,,,,,#REF!,,,,,,,,,,,,,,,
1712,,,,,,,,,,,#REF!,,,,,,,,,,,,,,,
1713,,,,,,,,,,,#REF!,,,,,,,,,,,,,,,
1714,,,,,,,,,,,#REF!,,,,,,,,,,,,,,,
1715,,,,,,,,,,,#REF!,,,,,,,,,,,,,,,
1716,,,,,,,,,,,#REF!,,,,,,,,,,,,,,,
1717,,,,,,,,,,,#REF!,,,,,,,,,,,,,,,
1718,,,,,,,,,,,#REF!,,,,,,,,,,,,,,,
1719,,,,,,,,,,,#REF!,,,,,,,,,,,,,,,
1720,,,,,,,,,,,#REF!,,,,,,,,,,,,,,,
1721,,,,,,,,,,,#REF!,,,,,,,,,,,,,,,
1722,,,,,,,,,,,#REF!,,,,,,,,,,,,,,,
1723,,,,,,,,,,,#REF!,,,,,,,,,,,,,,,
1724,,,,,,,,,,,#REF!,,,,,,,,,,,,,,,
1725,,,,,,,,,,,#REF!,,,,,,,,,,,,,,,
1726,,,,,,,,,,,#REF!,,,,,,,,,,,,,,,
1727,,,,,,,,,,,#REF!,,,,,,,,,,,,,,,
1728,,,,,,,,,,,#REF!,,,,,,,,,,,,,,,
1729,,,,,,,,,,,#REF!,,,,,,,,,,,,,,,
1730,,,,,,,,,,,#REF!,,,,,,,,,,,,,,,
1731,,,,,,,,,,,#REF!,,,,,,,,,,,,,,,
1732,,,,,,,,,,,#REF!,,,,,,,,,,,,,,,
1733,,,,,,,,,,,#REF!,,,,,,,,,,,,,,,
1734,,,,,,,,,,,#REF!,,,,,,,,,,,,,,,
1735,,,,,,,,,,,#REF!,,,,,,,,,,,,,,,
1736,,,,,,,,,,,#REF!,,,,,,,,,,,,,,,
1737,,,,,,,,,,,#REF!,,,,,,,,,,,,,,,
1738,,,,,,,,,,,#REF!,,,,,,,,,,,,,,,
1739,,,,,,,,,,,#REF!,,,,,,,,,,,,,,,
1740,,,,,,,,,,,#REF!,,,,,,,,,,,,,,,
1741,,,,,,,,,,,#REF!,,,,,,,,,,,,,,,
1742,,,,,,,,,,,#REF!,,,,,,,,,,,,,,,
1743,,,,,,,,,,,#REF!,,,,,,,,,,,,,,,
1744,,,,,,,,,,,#REF!,,,,,,,,,,,,,,,
1745,,,,,,,,,,,#REF!,,,,,,,,,,,,,,,
1746,,,,,,,,,,,#REF!,,,,,,,,,,,,,,,
1747,,,,,,,,,,,#REF!,,,,,,,,,,,,,,,
1748,,,,,,,,,,,#REF!,,,,,,,,,,,,,,,
1749,,,,,,,,,,,#REF!,,,,,,,,,,,,,,,
1750,,,,,,,,,,,#REF!,,,,,,,,,,,,,,,
1751,,,,,,,,,,,#REF!,,,,,,,,,,,,,,,
1752,,,,,,,,,,,#REF!,,,,,,,,,,,,,,,
1753,,,,,,,,,,,#REF!,,,,,,,,,,,,,,,
1754,,,,,,,,,,,#REF!,,,,,,,,,,,,,,,
1755,,,,,,,,,,,#REF!,,,,,,,,,,,,,,,
1756,,,,,,,,,,,#REF!,,,,,,,,,,,,,,,
1757,,,,,,,,,,,#REF!,,,,,,,,,,,,,,,
1758,,,,,,,,,,,#REF!,,,,,,,,,,,,,,,
1759,,,,,,,,,,,#REF!,,,,,,,,,,,,,,,
1760,,,,,,,,,,,#REF!,,,,,,,,,,,,,,,
1761,,,,,,,,,,,#REF!,,,,,,,,,,,,,,,
1762,,,,,,,,,,,#REF!,,,,,,,,,,,,,,,
1763,,,,,,,,,,,#REF!,,,,,,,,,,,,,,,
1764,,,,,,,,,,,#REF!,,,,,,,,,,,,,,,
1765,,,,,,,,,,,#REF!,,,,,,,,,,,,,,,
1766,,,,,,,,,,,#REF!,,,,,,,,,,,,,,,
1767,,,,,,,,,,,#REF!,,,,,,,,,,,,,,,
1768,,,,,,,,,,,#REF!,,,,,,,,,,,,,,,
1769,,,,,,,,,,,#REF!,,,,,,,,,,,,,,,
1770,,,,,,,,,,,#REF!,,,,,,,,,,,,,,,
1771,,,,,,,,,,,#REF!,,,,,,,,,,,,,,,
1772,,,,,,,,,,,#REF!,,,,,,,,,,,,,,,
1773,,,,,,,,,,,#REF!,,,,,,,,,,,,,,,
1774,,,,,,,,,,,#REF!,,,,,,,,,,,,,,,
1775,,,,,,,,,,,#REF!,,,,,,,,,,,,,,,
1776,,,,,,,,,,,#REF!,,,,,,,,,,,,,,,
1777,,,,,,,,,,,#REF!,,,,,,,,,,,,,,,
1778,,,,,,,,,,,#REF!,,,,,,,,,,,,,,,
1779,,,,,,,,,,,#REF!,,,,,,,,,,,,,,,
1780,,,,,,,,,,,#REF!,,,,,,,,,,,,,,,
1781,,,,,,,,,,,#REF!,,,,,,,,,,,,,,,
1782,,,,,,,,,,,#REF!,,,,,,,,,,,,,,,
1783,,,,,,,,,,,#REF!,,,,,,,,,,,,,,,
1784,,,,,,,,,,,#REF!,,,,,,,,,,,,,,,
1785,,,,,,,,,,,#REF!,,,,,,,,,,,,,,,
1786,,,,,,,,,,,#REF!,,,,,,,,,,,,,,,
1787,,,,,,,,,,,#REF!,,,,,,,,,,,,,,,
1788,,,,,,,,,,,#REF!,,,,,,,,,,,,,,,
1789,,,,,,,,,,,#REF!,,,,,,,,,,,,,,,
1790,,,,,,,,,,,#REF!,,,,,,,,,,,,,,,
1791,,,,,,,,,,,#REF!,,,,,,,,,,,,,,,
1792,,,,,,,,,,,#REF!,,,,,,,,,,,,,,,
1793,,,,,,,,,,,#REF!,,,,,,,,,,,,,,,
1794,,,,,,,,,,,#REF!,,,,,,,,,,,,,,,
1795,,,,,,,,,,,#REF!,,,,,,,,,,,,,,,
1796,,,,,,,,,,,#REF!,,,,,,,,,,,,,,,
1797,,,,,,,,,,,#REF!,,,,,,,,,,,,,,,
1798,,,,,,,,,,,#REF!,,,,,,,,,,,,,,,
1799,,,,,,,,,,,#REF!,,,,,,,,,,,,,,,
1800,,,,,,,,,,,#REF!,,,,,,,,,,,,,,,
1801,,,,,,,,,,,#REF!,,,,,,,,,,,,,,,
1802,,,,,,,,,,,#REF!,,,,,,,,,,,,,,,
1803,,,,,,,,,,,#REF!,,,,,,,,,,,,,,,
1804,,,,,,,,,,,#REF!,,,,,,,,,,,,,,,
1805,,,,,,,,,,,#REF!,,,,,,,,,,,,,,,
1806,,,,,,,,,,,#REF!,,,,,,,,,,,,,,,
1807,,,,,,,,,,,#REF!,,,,,,,,,,,,,,,
1808,,,,,,,,,,,#REF!,,,,,,,,,,,,,,,
1809,,,,,,,,,,,#REF!,,,,,,,,,,,,,,,
1810,,,,,,,,,,,#REF!,,,,,,,,,,,,,,,
1811,,,,,,,,,,,#REF!,,,,,,,,,,,,,,,
1812,,,,,,,,,,,#REF!,,,,,,,,,,,,,,,
1813,,,,,,,,,,,#REF!,,,,,,,,,,,,,,,
1814,,,,,,,,,,,#REF!,,,,,,,,,,,,,,,
1815,,,,,,,,,,,#REF!,,,,,,,,,,,,,,,
1816,,,,,,,,,,,#REF!,,,,,,,,,,,,,,,
1817,,,,,,,,,,,#REF!,,,,,,,,,,,,,,,
1818,,,,,,,,,,,#REF!,,,,,,,,,,,,,,,
1819,,,,,,,,,,,#REF!,,,,,,,,,,,,,,,
1820,,,,,,,,,,,#REF!,,,,,,,,,,,,,,,
1821,,,,,,,,,,,#REF!,,,,,,,,,,,,,,,
1822,,,,,,,,,,,#REF!,,,,,,,,,,,,,,,
1823,,,,,,,,,,,#REF!,,,,,,,,,,,,,,,
1824,,,,,,,,,,,#REF!,,,,,,,,,,,,,,,
1825,,,,,,,,,,,#REF!,,,,,,,,,,,,,,,
1826,,,,,,,,,,,#REF!,,,,,,,,,,,,,,,
1827,,,,,,,,,,,#REF!,,,,,,,,,,,,,,,
1828,,,,,,,,,,,#REF!,,,,,,,,,,,,,,,
1829,,,,,,,,,,,#REF!,,,,,,,,,,,,,,,
1830,,,,,,,,,,,#REF!,,,,,,,,,,,,,,,
1831,,,,,,,,,,,#REF!,,,,,,,,,,,,,,,
1832,,,,,,,,,,,#REF!,,,,,,,,,,,,,,,
1833,,,,,,,,,,,#REF!,,,,,,,,,,,,,,,
1834,,,,,,,,,,,#REF!,,,,,,,,,,,,,,,
1835,,,,,,,,,,,#REF!,,,,,,,,,,,,,,,
1836,,,,,,,,,,,#REF!,,,,,,,,,,,,,,,
1837,,,,,,,,,,,#REF!,,,,,,,,,,,,,,,
1838,,,,,,,,,,,#REF!,,,,,,,,,,,,,,,
1839,,,,,,,,,,,#REF!,,,,,,,,,,,,,,,
1840,,,,,,,,,,,#REF!,,,,,,,,,,,,,,,
1841,,,,,,,,,,,#REF!,,,,,,,,,,,,,,,
1842,,,,,,,,,,,#REF!,,,,,,,,,,,,,,,
1843,,,,,,,,,,,#REF!,,,,,,,,,,,,,,,
1844,,,,,,,,,,,#REF!,,,,,,,,,,,,,,,
1845,,,,,,,,,,,#REF!,,,,,,,,,,,,,,,
1846,,,,,,,,,,,#REF!,,,,,,,,,,,,,,,
1847,,,,,,,,,,,#REF!,,,,,,,,,,,,,,,
1848,,,,,,,,,,,#REF!,,,,,,,,,,,,,,,
1849,,,,,,,,,,,#REF!,,,,,,,,,,,,,,,
1850,,,,,,,,,,,#REF!,,,,,,,,,,,,,,,
1851,,,,,,,,,,,#REF!,,,,,,,,,,,,,,,
1852,,,,,,,,,,,#REF!,,,,,,,,,,,,,,,
1853,,,,,,,,,,,#REF!,,,,,,,,,,,,,,,
1854,,,,,,,,,,,#REF!,,,,,,,,,,,,,,,
1855,,,,,,,,,,,#REF!,,,,,,,,,,,,,,,
1856,,,,,,,,,,,#REF!,,,,,,,,,,,,,,,
1857,,,,,,,,,,,#REF!,,,,,,,,,,,,,,,
1858,,,,,,,,,,,#REF!,,,,,,,,,,,,,,,
1859,,,,,,,,,,,#REF!,,,,,,,,,,,,,,,
1860,,,,,,,,,,,#REF!,,,,,,,,,,,,,,,
1861,,,,,,,,,,,#REF!,,,,,,,,,,,,,,,
1862,,,,,,,,,,,#REF!,,,,,,,,,,,,,,,
1863,,,,,,,,,,,#REF!,,,,,,,,,,,,,,,
1864,,,,,,,,,,,#REF!,,,,,,,,,,,,,,,
1865,,,,,,,,,,,#REF!,,,,,,,,,,,,,,,
1866,,,,,,,,,,,#REF!,,,,,,,,,,,,,,,
1867,,,,,,,,,,,#REF!,,,,,,,,,,,,,,,
1868,,,,,,,,,,,#REF!,,,,,,,,,,,,,,,
1869,,,,,,,,,,,#REF!,,,,,,,,,,,,,,,
1870,,,,,,,,,,,#REF!,,,,,,,,,,,,,,,
1871,,,,,,,,,,,#REF!,,,,,,,,,,,,,,,
1872,,,,,,,,,,,#REF!,,,,,,,,,,,,,,,
1873,,,,,,,,,,,#REF!,,,,,,,,,,,,,,,
1874,,,,,,,,,,,#REF!,,,,,,,,,,,,,,,
1875,,,,,,,,,,,#REF!,,,,,,,,,,,,,,,
1876,,,,,,,,,,,#REF!,,,,,,,,,,,,,,,
1877,,,,,,,,,,,#REF!,,,,,,,,,,,,,,,
1878,,,,,,,,,,,#REF!,,,,,,,,,,,,,,,
1879,,,,,,,,,,,#REF!,,,,,,,,,,,,,,,
1880,,,,,,,,,,,#REF!,,,,,,,,,,,,,,,
1881,,,,,,,,,,,#REF!,,,,,,,,,,,,,,,
1882,,,,,,,,,,,#REF!,,,,,,,,,,,,,,,
1883,,,,,,,,,,,#REF!,,,,,,,,,,,,,,,
1884,,,,,,,,,,,#REF!,,,,,,,,,,,,,,,
1885,,,,,,,,,,,#REF!,,,,,,,,,,,,,,,
1886,,,,,,,,,,,#REF!,,,,,,,,,,,,,,,
1887,,,,,,,,,,,#REF!,,,,,,,,,,,,,,,
1888,,,,,,,,,,,#REF!,,,,,,,,,,,,,,,
1889,,,,,,,,,,,#REF!,,,,,,,,,,,,,,,
1890,,,,,,,,,,,#REF!,,,,,,,,,,,,,,,
1891,,,,,,,,,,,#REF!,,,,,,,,,,,,,,,
1892,,,,,,,,,,,#REF!,,,,,,,,,,,,,,,
1893,,,,,,,,,,,#REF!,,,,,,,,,,,,,,,
1894,,,,,,,,,,,#REF!,,,,,,,,,,,,,,,
1895,,,,,,,,,,,#REF!,,,,,,,,,,,,,,,
1896,,,,,,,,,,,#REF!,,,,,,,,,,,,,,,
1897,,,,,,,,,,,#REF!,,,,,,,,,,,,,,,
1898,,,,,,,,,,,#REF!,,,,,,,,,,,,,,,
1899,,,,,,,,,,,#REF!,,,,,,,,,,,,,,,
1900,,,,,,,,,,,#REF!,,,,,,,,,,,,,,,
1901,,,,,,,,,,,#REF!,,,,,,,,,,,,,,,
1902,,,,,,,,,,,#REF!,,,,,,,,,,,,,,,
1903,,,,,,,,,,,#REF!,,,,,,,,,,,,,,,
1904,,,,,,,,,,,#REF!,,,,,,,,,,,,,,,
1905,,,,,,,,,,,#REF!,,,,,,,,,,,,,,,
1906,,,,,,,,,,,#REF!,,,,,,,,,,,,,,,
1907,,,,,,,,,,,#REF!,,,,,,,,,,,,,,,
1908,,,,,,,,,,,#REF!,,,,,,,,,,,,,,,
1909,,,,,,,,,,,#REF!,,,,,,,,,,,,,,,
1910,,,,,,,,,,,#REF!,,,,,,,,,,,,,,,
1911,,,,,,,,,,,#REF!,,,,,,,,,,,,,,,
1912,,,,,,,,,,,#REF!,,,,,,,,,,,,,,,
1913,,,,,,,,,,,#REF!,,,,,,,,,,,,,,,
1914,,,,,,,,,,,#REF!,,,,,,,,,,,,,,,
1915,,,,,,,,,,,#REF!,,,,,,,,,,,,,,,
1916,,,,,,,,,,,#REF!,,,,,,,,,,,,,,,
1917,,,,,,,,,,,#REF!,,,,,,,,,,,,,,,
1918,,,,,,,,,,,#REF!,,,,,,,,,,,,,,,
1919,,,,,,,,,,,#REF!,,,,,,,,,,,,,,,
1920,,,,,,,,,,,#REF!,,,,,,,,,,,,,,,
1921,,,,,,,,,,,#REF!,,,,,,,,,,,,,,,
1922,,,,,,,,,,,#REF!,,,,,,,,,,,,,,,
1923,,,,,,,,,,,#REF!,,,,,,,,,,,,,,,
1924,,,,,,,,,,,#REF!,,,,,,,,,,,,,,,
1925,,,,,,,,,,,#REF!,,,,,,,,,,,,,,,
1926,,,,,,,,,,,#REF!,,,,,,,,,,,,,,,
1927,,,,,,,,,,,#REF!,,,,,,,,,,,,,,,
1928,,,,,,,,,,,#REF!,,,,,,,,,,,,,,,
1929,,,,,,,,,,,#REF!,,,,,,,,,,,,,,,
1930,,,,,,,,,,,#REF!,,,,,,,,,,,,,,,
1931,,,,,,,,,,,#REF!,,,,,,,,,,,,,,,
1932,,,,,,,,,,,#REF!,,,,,,,,,,,,,,,
1933,,,,,,,,,,,#REF!,,,,,,,,,,,,,,,
1934,,,,,,,,,,,#REF!,,,,,,,,,,,,,,,
1935,,,,,,,,,,,#REF!,,,,,,,,,,,,,,,
1936,,,,,,,,,,,#REF!,,,,,,,,,,,,,,,
1937,,,,,,,,,,,#REF!,,,,,,,,,,,,,,,
1938,,,,,,,,,,,#REF!,,,,,,,,,,,,,,,
1939,,,,,,,,,,,#REF!,,,,,,,,,,,,,,,
1940,,,,,,,,,,,#REF!,,,,,,,,,,,,,,,
1941,,,,,,,,,,,#REF!,,,,,,,,,,,,,,,
1942,,,,,,,,,,,#REF!,,,,,,,,,,,,,,,
1943,,,,,,,,,,,#REF!,,,,,,,,,,,,,,,
1944,,,,,,,,,,,#REF!,,,,,,,,,,,,,,,
1945,,,,,,,,,,,#REF!,,,,,,,,,,,,,,,
1946,,,,,,,,,,,#REF!,,,,,,,,,,,,,,,
1947,,,,,,,,,,,#REF!,,,,,,,,,,,,,,,
1948,,,,,,,,,,,#REF!,,,,,,,,,,,,,,,
1949,,,,,,,,,,,#REF!,,,,,,,,,,,,,,,
1950,,,,,,,,,,,#REF!,,,,,,,,,,,,,,,
1951,,,,,,,,,,,#REF!,,,,,,,,,,,,,,,
1952,,,,,,,,,,,#REF!,,,,,,,,,,,,,,,
1953,,,,,,,,,,,#REF!,,,,,,,,,,,,,,,
1954,,,,,,,,,,,#REF!,,,,,,,,,,,,,,,
1955,,,,,,,,,,,#REF!,,,,,,,,,,,,,,,
1956,,,,,,,,,,,#REF!,,,,,,,,,,,,,,,
1957,,,,,,,,,,,#REF!,,,,,,,,,,,,,,,
1958,,,,,,,,,,,#REF!,,,,,,,,,,,,,,,
1959,,,,,,,,,,,#REF!,,,,,,,,,,,,,,,
1960,,,,,,,,,,,#REF!,,,,,,,,,,,,,,,
1961,,,,,,,,,,,#REF!,,,,,,,,,,,,,,,
1962,,,,,,,,,,,#REF!,,,,,,,,,,,,,,,
1963,,,,,,,,,,,#REF!,,,,,,,,,,,,,,,
1964,,,,,,,,,,,#REF!,,,,,,,,,,,,,,,
1965,,,,,,,,,,,#REF!,,,,,,,,,,,,,,,
1966,,,,,,,,,,,#REF!,,,,,,,,,,,,,,,
1967,,,,,,,,,,,#REF!,,,,,,,,,,,,,,,
