ID,Site,Species,Date,Samplers,Fish Death Time,Blood Drawing Time,Harvest Gear Type,Latitude (N),Longitude (W),Fish ID,specimen_ID,Blood Vial Num,Muscle Vial Num (Vanessa),Muscle Bag Num (PSP - Bruce),Scale Card Num,Pelvic Fin Card,Adipose Fin,Length Mideye Fork (mm),Length Nose Fork (mm),Ich Visual Positive,Ich Visual Count,Photo Taken,Heart Vial Num qPCR,Heart Vial Num Histo,Liver Bag Num,Kidney Bag Num,Egg Vial 1 Num,Egg Vial 2 Num,Digestive Track Bag Num,Sex,Notes,Blood Notes at Fort Yukon
184,Fort Yukon,Chinook,7/11/2023,"Keith Herron, Jaden Andrew",9:46 AM,9:47 AM,Fish Wheel,66.568393,-145.491025,4,4-F,4,4,4,002-2,69909-2,Yes,788,842,No,0,Yes,4,4,4,4,1,1,4,Female,"Not rigor, but blood pooling. Egg vial 001 correct for sampled fish 4","Separated well, < 24 hours"
61,Rapids,Chinook,7/3/2023,"Scott T. Walter, Woods Nystedt",9:54 AM,9:55 AM,Fish Wheel,65.338488,-151.065382,4,4-R,4,4,,002-2,77589-2,Yes,728,794,Yes,400,Yes,4,4,4,4,4,4,4,Female,3 lesions size of quarters,
62,Rapids,Chinook,7/3/2023,"Scott T. Walter, Woods Nystedt",9:09 AM,9:11 AM,Fish Wheel,65.338488,-151.065382,5,5-R,5,5,,002-3,77589-3,Yes,853,930,Yes,47,Yes,5,5,,,5,5,,Female,-,
63,Rapids,Chinook,7/4/2023,"Scott T. Walter, Woods Nystedt",9:17 AM,9:19 AM,Fish Wheel,65.338488,-151.065382,6,6-R,6,6,,003-1,77593-1,Yes,779,838,No,0,Yes,6,6,,,6,6,,Female,"Blood sat for 48 hours at room temp, then serum removed",
187,Fort Yukon,Chinook,7/12/2023,"Keith Herron, Jaden Andrew",9:26 AM,9:28 AM,Fish Wheel,66.571148,-145.525657,7,7-F,7,7,7,003-1,69905-1,Yes,803,,No,0,Yes,7,7,7,7,7,7,7,Female,,"Separated well, < 24 hours"
66,Rapids,Chinook,7/4/2023,"Scott T. Walter, Woods Nystedt",9:33 AM,9:34 AM,Fish Wheel,65.338488,-151.065382,9,9-R,9,9,,003-4,77593-4,Yes,792,850,No,0,Yes,9,9,,,9,9,,Female,-,
190,Fort Yukon,Chinook,7/12/2023,"Keith Herron, Jaden Andrew",9:43 AM,9:46 AM,Fish Wheel,66.571148,-145.525657,10,10-F,10,10,,003-4,69905-4,Yes,848,904,No,0,Yes,10,10,,,10,10,,Female,,"Separated well, < 24 hours"
1,Rapids,Chinook,7/4/2023,"Scott T. Walter, Woods Nystedt",9:51 AM,9:52 AM,Fish Wheel,65.338488,-151.065382,11,11-R,11,11,,003-6,77593-6,Yes,854,918,No,0,Yes,11,11,,,11,11,,Female,-,
5,Rapids,Chinook,7/5/2023,"Scott T. Walter, Woods Nystedt",9:57 AM,9:58 AM,Fish Wheel,65.338488,-151.065382,15,15-R,15,15,,004-3,77583-3,Yes,782,842,No,0,Yes,15,15,,,15,15,,Female,"1 lesion size of a quarter, Blood sat for 36 hours at room temp, then serum removed",
195,Fort Yukon,Chinook,7/13/2023,"Keith Herron, Jaden Andrew",10:01 AM,10:02 AM,Fish Wheel,66.571148,-145.525657,15,15-F,15,15,,004-1,69913-1,Yes,838,896,No,0,Yes,15,15,,,15,15,,Female,,"Separated well, < 24 hours"
6,Rapids,Chinook,7/5/2023,"Scott T. Walter, Woods Nystedt",10:05 AM,10:05 AM,Fish Wheel,65.338488,-151.065382,16,16-R,16,16,,004-4,77583-4,Yes,913,970,No,0,Yes,16,16,,,16,16,,Female,Both gills tore up,
7,Rapids,Chinook,7/5/2023,"Scott T. Walter, Woods Nystedt",8:26 AM,8:27 AM,Fish Wheel,65.338488,-151.065382,17,17-R,17,17,,004-5,77583-5,Yes,800,857,No,0,Yes,17,17,,,17,17,,Female,-,
202,Fort Yukon,Chinook,7/13/2023,"Keith Herron, Jaden Andrew",9:04 AM,9:05 AM,Fish Wheel,66.571148,-145.525657,22,22-F,22,22,,004-8,69913-8,Yes,716,768,No,0,Yes,22,22,,,22,22,,Female,Torpedo fish,Spun 5 mins centrifuge < 24 hours
13,Rapids,Chinook,7/6/2023,"Scott T. Walter, Woods Nystedt",9:07 AM,9:09 AM,Fish Wheel,65.338488,-151.065382,23,23-R,23,23,,005-2,77584-2,Yes,810,871,No,0,Yes,23,23,,,23,23,,Female,"Possible bite/net marks, 1 lesion",
203,Fort Yukon,Chinook,7/14/2023,"Keith Herron, Jaden Andrew",9:11 AM,9:12 AM,Fish Wheel,66.568393,-145.491025,23,23-F,23,23,,005-1,69914-1,Yes,752,808,Yes,52,Yes,23,23,,,23,23,,Female,Gillnet scars,"Separated well, < 24 hours"
14,Rapids,Chinook,7/6/2023,"Scott T. Walter, Woods Nystedt",9:15 AM,9:16 AM,Fish Wheel,65.338488,-151.065382,24,24-R,24,24,,005-3,77584-3,Yes,847,906,Yes,300,Yes,24,24,,,24,24,,Female,1 lesion,
204,Fort Yukon,Chinook,7/14/2023,"Keith Herron, Jaden Andrew",9:18 AM,9:19 AM,Fish Wheel,66.571148,-145.525657,24,24-F,24,24,,005-2,69914-2,Yes,832,912,Yes,7,Yes,24,24,,,24,24,,Female,,"Spun 5 mins centrifuge < 24 hours, did not get much serum from blood"
211,Fort Yukon,Chinook,7/15/2023,"Keith Herron, Jaden Andrew",9:22 AM,9:24 AM,Fish Wheel,66.571148,-145.525657,31,31-F,31,31,,008-2,69918-2,Yes,902,982,Yes,5,Yes,31,31,,,31,31,,Female,Head gash,Spun 5 mins centrifuge < 24 hours
22,Rapids,Chinook,7/7/2023,"Scott T. Walter, Woods Nystedt",9:30 AM,9:32 AM,Fish Wheel,65.338488,-151.065382,32,32-R,32,32,,006-2,77580-2,Yes,786,839,Yes,13,Yes,32,32,,,32,32,,Female,"Torn gill, 5 large scars on side",
24,Rapids,Chinook,7/7/2023,"Scott T. Walter, Woods Nystedt",9:36 AM,9:39 AM,Fish Wheel,65.338488,-151.065382,34,34-R,34,34,,006-4,77580-4,Yes,690,743,Yes,76,Yes,34,34,,,34,34,,Female,-,
28,Rapids,Chinook,7/7/2023,"Scott T. Walter, Woods Nystedt",8:29 AM,8:30 AM,Fish Wheel,65.338488,-151.065382,38,38-R,38,38,,006-8,77580-8,Yes,678,731,No,0,Yes,38,38,,,38,38,,Female,Possible predator bite on lower body near tail - photo taken. Fishers say a seal attack.,
32,Rapids,Chinook,7/10/2023,"Scott T. Walter, Woods Nystedt",8:37 AM,8:39 AM,Fish Wheel,65.338488,-151.065382,42,42-R,42,42,,007-3,77588-3,Yes,788,853,Yes,91,Yes,42,42,,,42,42,,Female,5 major gashes on body (seal wound?). Pale flesh / meat.,
35,Rapids,Chinook,7/10/2023,"Scott T. Walter, Woods Nystedt",8:50 AM,8:51 AM,Fish Wheel,65.338488,-151.065382,45,45-R,45,45,,007-6,77588-6,Yes,862,926,Yes,100,Yes,45,45,,,45,45,,Female,-,
225,Fort Yukon,Chinook,7/20/2023,"Keith Herron, Jaden Andrew",8:53 AM,8:55 AM,Fish Wheel,66.571148,-145.525657,45,45-F,45,45,,012-2,69920-2,Yes,692,738,No,0,Yes,45,45,,,45,45,,Female,,"Separated well, < 24 hours"
39,Rapids,Chinook,7/11/2023,"Scott T. Walter, Woods Nystedt",9:01 AM,9:02 AM,Fish Wheel,65.338488,-151.065382,49,49-R,49,49,,008-1,77592-1,Yes,800,847,Yes,700,Yes,49,49,,,49,49,,Female,"Yes - heart has tons of spots, Many of spots are in large clusters",
40,Rapids,Chinook,7/11/2023,"Scott T. Walter, Woods Nystedt",9:15 AM,9:17 AM,Fish Wheel,65.338488,-151.065382,50,50-R,50,50,,008-2,77592-2,Yes,871,934,No,0,Yes,50,50,,,50,50,,Female,-,
230,Fort Yukon,Chinook,7/20/2023,"Keith Herron, Jaden Andrew",9:17 AM,9:23 AM,Fish Wheel,66.571148,-145.525657,50,50-F,50,50,,012-7,69920-7,Yes,716,766,No,0,Yes,50,50,,,50,50,,Female,,"Separated well, < 24 hours"
238,Fort Yukon,Chinook,7/24/2023,"Keith Herron, Jaden Andrew",9:18 AM,9:27 AM,Fish Wheel,66.571148,-145.525657,58,58-F,58,58,,015-1,69915-1,Yes,804,862,No,0,Yes,58,58,,,58,58,,Female,Blood taken within 2 hours of death,"Separated well, < 24 hours"
241,Fort Yukon,Chinook,7/24/2023,"Keith Herron, Jaden Andrew",9:28 AM,9:29 AM,Fish Wheel,66.571148,-145.525657,61,61-F,61,61,,015-4,69915-4,Yes,858,916,No,0,Yes,61,61,,,61,61,,Female,,"Separated well, < 24 hours"
242,Fort Yukon,Chinook,7/24/2023,"Keith Herron, Jaden Andrew",9:11 AM,9:12 AM,Fish Wheel,66.571148,-145.525657,62,62-F,62,62,,015-5,69915-5,Yes,658,704,No,0,Yes,62,62,,,62,62,,Female,,"Separated well, < 24 hours"
246,Fort Yukon,Chinook,7/26/2023,"Keith Herron, Jaden Andrew",9:15 AM,9:16 AM,Fish Wheel,66.561473,-145.359862,66,66-F,66,66,66,017-1,69923-1,Yes,696,748,Yes,400,Yes,66,66,66,66,66,66,66,Female,"ANSEP picture of heart lesions, sample within 3 hours of death","Separated well, < 24 hours"
57,Rapids,Chinook,7/12/2023,"Scott T. Walter, Woods Nystedt",9:22 AM,9:23 AM,Fish Wheel,65.338488,-151.065382,67,67-R,67,67,,009-10,77579-10,Yes,782,848,Yes,109,Yes,67,67,,,67,67,,Female,"5"" long by 1.5"" wide gash",
247,Fort Yukon,Chinook,7/26/2023,"Keith Herron, Jaden Andrew",9:26 AM,9:27 AM,Fish Wheel,66.561473,-145.359862,67,67-F,67,67,67,017-2,69923-2,Yes,806,878,No,0,Yes,67,67,67,67,67,67,67,Female,Sample within 3 hours of death,"Separated well, < 24 hours"
248,Fort Yukon,Chinook,7/26/2023,"Keith Herron, Jaden Andrew",9:33 AM,9:34 AM,Fish Wheel,66.561473,-145.359862,68,68-F,68,68,,017-3,69923-3,Yes,766,814,No,0,Yes,68,68,,,68,68,,Female,Sample within 1.5 hours,"Separated well, < 24 hours"
73,Rapids,Chinook,7/13/2023,"Scott T. Walter, Woods Nystedt",9:37 AM,9:39 AM,Fish Wheel,65.338488,-151.065382,73,73-R,73,73,,010-6,77587-6,Yes,798,862,Yes,37,Yes,73,73,,,73,73,,Female,Large scar covering left side between adipose and anal fin,
257,Fort Yukon,Chinook,7/27/2023,"Keith Herron, Jaden Andrew",9:47 AM,9:48 AM,Fish Wheel,66.561473,-145.359862,77,77-F,77,77,,018-4,69927-4,Yes,832,898,No,0,Yes,77,77,,,77,77,,Female,,"Separated well, < 24 hours"
258,Fort Yukon,Chinook,7/28/2023,"Keith Herron, Jaden Andrew",9:52 AM,9:53 AM,Fish Wheel,66.561473,-145.359862,78,78-F,78,78,,019-1,69917-1,Yes,738,780,No,0,Yes,78,78,,,78,78,,Female,Blood taken within 2 hour of death,"Separated well, < 24 hours"
80,Rapids,Chinook,7/14/2023,"Scott T. Walter, Woods Nystedt",10:05 AM,10:08 AM,Fish Wheel,65.338488,-151.065382,80,80-R,80,80,,012-2,77582-2,Yes,764,831,No,0,Yes,80,80,,,80,80,,Female,-,
263,Fort Yukon,Chinook,8/2/2023,"Keith Herron, Jaden Andrew",9:00 AM,9:01 AM,Fish Wheel,66.561473,-145.359862,83,83-F,83,83,,022-1,69890-1,Yes,864,922,No,0,Yes,83,83,,,83,83,,Female,,"Separated well, < 24 hours"
266,Fort Yukon,Chinook,8/3/2023,"Keith Herron, Jaden Andrew",9:11 AM,9:12 AM,Fish Wheel,66.561473,-145.359862,86,86-F,86,86,,023-3,69921-3,Yes,798,866,No,0,Yes,86,86,,,86,86,,Female,Blood taken within 2 hours,"Separated well, < 24 hours"
87,Rapids,Chinook,7/14/2023,"Scott T. Walter, Woods Nystedt",9:12 AM,9:17 AM,Fish Wheel,65.338488,-151.065382,87,87-R,87,87,,012-9,77582-9,Yes,773,843,No,0,Yes,87,87,,,87,87,,Female,-,
267,Fort Yukon,Chinook,8/3/2023,"Keith Herron, Jaden Andrew",9:34 AM,9:35 AM,Fish Wheel,66.561473,-145.359862,87,87-F,87,87,,023-4,69921-4,Yes,714,762,No,0,Yes,87,87,,,87,87,,Female,Blood taken within 2 hours,"Separated well, < 24 hours"
88,Rapids,Chinook,7/14/2023,"Scott T. Walter, Woods Nystedt",9:39 AM,9:40 AM,Fish Wheel,65.338488,-151.065382,88,88-R,88,88,,012-10,77582-10,Yes,853,919,No,0,Yes,88,88,,,88,88,,Female,-,
89,Rapids,Chinook,7/14/2023,"Scott T. Walter, Woods Nystedt",9:44 AM,9:45 AM,Fish Wheel,65.338488,-151.065382,89,89-R,89,89,,013-1,77578-1,Yes,759,813,No,0,Yes,89,89,,,89,89,,Female,-,
90,Rapids,Chinook,7/14/2023,"Scott T. Walter, Woods Nystedt",9:48 AM,9:49 AM,Fish Wheel,65.338488,-151.065382,90,90-R,90,90,,013-2,77578-2,Yes,742,789,No,0,Yes,90,90,,,90,90,,Female,1 quarter-sized lesion,
97,Rapids,Chinook,7/17/2023,"Scott T. Walter, Woods Nystedt",9:51 AM,9:53 AM,Fish Wheel,65.338488,-151.065382,97,97-R,97,97,,014-7,77586-7,Yes,677,725,No,0,Yes,97,97,,,97,97,,Female,Small wound by pelvic fin,
107,Rapids,Chinook,7/18/2023,"Scott T. Walter, Woods Nystedt",9:55 AM,9:56 AM,Fish Wheel,65.338488,-151.065382,107,107-R,107,107,,016-5,77609-5,Yes,848,903,Yes,1200,Yes,107,107,,,107,107,,Female,-,
109,Rapids,Chinook,7/18/2023,"Scott T. Walter, Woods Nystedt",9:02 AM,9:17 AM,Fish Wheel,65.338488,-151.065382,109,109-R,109,109,,016-7,77609-7,Yes,706,756,No,0,Yes,109,109,,,109,109,,Female,-,
111,Rapids,Chinook,7/18/2023,"Scott T. Walter, Woods Nystedt",9:21 AM,9:22 AM,Fish Wheel,65.338488,-151.065382,111,111-R,111,111,,016-9,77609-9,Yes,775,841,Yes,900,Yes,111,111,,,111,111,,Female,Spots on heart are clear but seem smaller than other fish (ie 107),
114,Rapids,Chinook,7/18/2023,"Scott T. Walter, Woods Nystedt",9:27 AM,9:30 AM,Fish Wheel,65.338488,-151.065382,114,114-R,114,114,,017-2,77605-2,Yes,719,775,No,0,Yes,114,114,,,114,114,,Female,-,
115,Rapids,Chinook,7/18/2023,"Scott T. Walter, Woods Nystedt",9:54 AM,9:55 AM,Fish Wheel,65.338488,-151.065382,115,115-R,115,115,,017-3,77605-3,Yes,771,833,Yes,24,Yes,115,115,,,115,115,,Female,-,
117,Rapids,Chinook,7/19/2023,"Scott T. Walter, Woods Nystedt",10:03 AM,10:04 AM,Fish Wheel,65.338488,-151.065382,117,117-R,117,117,,018-2,77601-2,Yes,685,727,Yes,45,Yes,117,117,,,117,117,,Female,Distinct green back,
119,Rapids,Chinook,7/19/2023,"Scott T. Walter, Woods Nystedt",10:11 AM,10:12 AM,Fish Wheel,65.338488,-151.065382,119,119-R,119,119,,018-4,77601-4,Yes,771,828,No,0,Yes,119,119,,,119,119,,Female,-,
120,Rapids,Chinook,7/19/2023,"Scott T. Walter, Woods Nystedt",10:26 AM,10:27 AM,Fish Wheel,65.338488,-151.065382,120,120-R,120,120,,018-5,77601-5,Yes,831,883,Yes,19,Yes,120,120,,,120,120,,Female,-,
121,Rapids,Chinook,7/19/2023,"Scott T. Walter, Woods Nystedt",11:00 AM,11:14 AM,Fish Wheel,65.338488,-151.065382,121,121-R,121,121,,018-6,77601-6,Yes,846,908,Yes,38,Yes,121,121,,,121,121,,Female,-,
122,Rapids,Chinook,7/19/2023,"Scott T. Walter, Woods Nystedt",11:22 AM,11:42 AM,Fish Wheel,65.338488,-151.065382,122,122-R,122,122,,018-7,77601-7,Yes,732,788,Yes,107,Yes,122,122,,,122,122,,Female,-,
123,Rapids,Chinook,7/19/2023,"Scott T. Walter, Woods Nystedt",11:28 AM,11:47 AM,Fish Wheel,65.338488,-151.065382,123,123-R,123,123,,018-8,77601-8,Yes,745,811,No,0,Yes,123,123,,,123,123,,Female,-,
126,Rapids,Chinook,7/19/2023,"Scott T. Walter, Woods Nystedt",9:04 AM,9:06 AM,Fish Wheel,65.338488,-151.065382,126,126-R,126,126,,019-1,77597-1,Yes,778,844,Yes,23,Yes,126,126,,,126,126,,Female,"Very, very fat belly - fattest one so far. Very red. Flesh Pale. Big eggs - biggest eggs so far.",
135,Rapids,Chinook,7/20/2023,"Scott T. Walter, Woods Nystedt",9:15 AM,9:16 AM,Fish Wheel,65.338488,-151.065382,135,135-R,135,135,,020-7,77596-7,Yes,790,855,Yes,1200,Yes,135,135,,,135,135,,Female,"Yes, mega spots",
139,Rapids,Chinook,7/20/2023,"Scott T. Walter, Woods Nystedt",9:11 AM,9:12 AM,Fish Wheel,65.338488,-151.065382,139,139-R,139,139,,021-1,77600-1,Yes,732,779,Yes,150,Yes,139,139,,,139,139,,Female,-,
143,Rapids,Chinook,7/21/2023,"Scott T. Walter, Woods Nystedt",9:16 AM,9:17 AM,Fish Wheel,65.338488,-151.065382,143,143-R,143,143,,022-3,77595-3,Yes,775,825,No,0,Yes,143,143,,,143,143,,Female,-,
152,Rapids,Chinook,7/24/2023,"Scott T. Walter, Woods Nystedt",9:21 AM,9:22 AM,Fish Wheel,65.338488,-151.065382,152,152-R,152,152,,024-1,77598-1,Yes,715,773,No,0,Yes,152,152,,,152,152,,Female,Damaged tail and pectoral fin. All scales poor quality,
155,Rapids,Chinook,7/24/2023,"Scott T. Walter, Woods Nystedt",9:24 AM,9:25 AM,Fish Wheel,65.338488,-151.065382,155,155-R,155,155,,024-4,77598-4,Yes,766,817,No,0,Yes,155,155,,,155,155,,Female,-,
160,Rapids,Chinook,7/24/2023,"Scott T. Walter, Woods Nystedt",9:28 AM,9:28 AM,Fish Wheel,65.338488,-151.065382,160,160-R,160,160,,024-9,77598-9,Yes,822,898,No,0,Yes,160,160,,,160,160,,Female,1 quarter-sized lesion,
161,Rapids,Chinook,7/24/2023,"Scott T. Walter, Woods Nystedt",9:34 AM,9:35 AM,Fish Wheel,65.338488,-151.065382,161,161-R,161,161,,024-10,77598-10,Yes,683,744,No,0,Yes,161,161,,,161,161,,Female,-,
163,Rapids,Chinook,7/25/2023,"Scott T. Walter, Woods Nystedt",9:38 AM,9:39 AM,Fish Wheel,65.338488,-151.065382,163,163-R,163,163,,025-2,77594-2,Yes,835,894,Yes,450,Yes,163,163,,,163,163,,Female,"2"" long by 1"" wide, deep gash above pectoral fin",
165,Rapids,Chinook,7/25/2023,"Scott T. Walter, Woods Nystedt",9:42 AM,9:43 AM,Fish Wheel,65.338488,-151.065382,165,165-R,165,165,,025-4,77594-4,Yes,773,816,No,0,Yes,165,165,,,165,165,,Female,-,
170,Rapids,Chinook,7/25/2023,"Scott T. Walter, Woods Nystedt",9:00 AM,9:02 AM,Fish Wheel,65.338488,-151.065382,170,170-R,170,170,,025-9,77594-9,Yes,772,838,No,0,Yes,170,170,,,170,170,,Female,-,
175,Rapids,Chinook,7/26/2023,"Scott T. Walter, Woods Nystedt",9:26 AM,9:30 AM,Fish Wheel,65.338488,-151.065382,175,175-R,175,175,,026-5,77617-5,Yes,776,849,No,0,Yes,175,175,,,175,175,,Female,-,
176,Rapids,Chinook,7/26/2023,"Scott T. Walter, Woods Nystedt",9:37 AM,9:40 AM,Fish Wheel,65.338488,-151.065382,176,176-R,176,176,,026-6,77617-6,Yes,702,765,Yes,3,Yes,176,176,,,176,176,,Female,Damaged dorsal fin,
2,Rapids,Chinook,7/4/2023,"Scott T. Walter, Woods Nystedt",9:49 AM,9:52 AM,Fish Wheel,65.338488,-151.065382,12,12-R,12,12,,003-7,77593-7,Yes,612,664,No,0,Yes,12,12,,,,,,Male,-,
3,Rapids,Chinook,7/5/2023,"Scott T. Walter, Woods Nystedt",9:58 AM,10:01 AM,Fish Wheel,65.338488,-151.065382,13,13-R,13,13,,004-1,77583-1,Yes,626,680,No,0,Yes,13,13,,,,,,Male,"Blood sat for 36 hours at room temp, then serum removed",
4,Rapids,Chinook,7/5/2023,"Scott T. Walter, Woods Nystedt",10:03 AM,10:04 AM,Fish Wheel,65.338488,-151.065382,14,14-R,14,14,,004-2,77583-2,Yes,924,1002,No,0,Yes,14,14,,,,,,Male,"Blood sat for 36 hours at room temp, then serum removed",
8,Rapids,Chinook,7/5/2023,"Scott T. Walter, Woods Nystedt",10:41 AM,10:43 AM,Fish Wheel,65.338488,-151.065382,18,18-R,18,18,,004-6,77583-6,Yes,720,788,No,0,Yes,18,18,,,,,,Female,"2 quarter-sized and 1 large lesion, Blood sat for 36 hours at room temp, then serum removed",
9,Rapids,Chinook,7/5/2023,"Scott T. Walter, Woods Nystedt",11:44 AM,11:57 AM,Fish Wheel,65.338488,-151.065382,19,19-R,19,19,,004-7,77583-7,Yes,698,755,Yes,83,Yes,19,19,,,,,,Male,1 quarter-sized lesion,
10,Rapids,Chinook,7/5/2023,"Scott T. Walter, Woods Nystedt",11:45 AM,11:59 AM,Fish Wheel,65.338488,-151.065382,20,20-R,20,20,20,004-8,77583-8,Yes,734,815,Yes,55,Yes,20,20,20,20,,,20,Male,"Possible old net scars between pelvic and anal fins, Cloudy serum",
11,Rapids,Chinook,7/5/2023,"Scott T. Walter, Woods Nystedt",12:35 PM,12:30 PM,Fish Wheel,65.338488,-151.065382,21,21-R,21,21,,004-9,77583-9,Yes,616,662,Yes,40,Yes,21,21,,,,,,Male,Cloudy serum,
12,Rapids,Chinook,7/6/2023,"Scott T. Walter, Woods Nystedt",12:35 PM,12:35 PM,Fish Wheel,65.338488,-151.065382,22,22-R,22,22,,005-1,77584-1,Yes,664,729,Yes,2,Yes,22,22,,,,,,Male,,
15,Rapids,Chinook,7/6/2023,"Scott T. Walter, Woods Nystedt",9:00 AM,9:03 AM,Fish Wheel,65.338488,-151.065382,25,25-R,25,25,,005-4,77584-4,Yes,695,760,No,0,Yes,25,25,,,,,,Male,-,
16,Rapids,Chinook,7/6/2023,"Scott T. Walter, Woods Nystedt",9:06 AM,9:07 AM,Fish Wheel,65.338488,-151.065382,26,26-R,26,26,,005-5,77584-5,Yes,565,610,No,0,Yes,26,26,,,,,,Male,-,
17,Rapids,Chinook,7/6/2023,"Scott T. Walter, Woods Nystedt",9:22 AM,9:23 AM,Fish Wheel,65.338488,-151.065382,27,27-R,27,27,,005-6,77584-6,Yes,557,606,No,0,Yes,27,27,,,,,,Male,Serum didn't separate well so Morag drew up some unseparated blood instead for the serum tube. Net marks on head.,
18,Rapids,Chinook,7/6/2023,"Scott T. Walter, Woods Nystedt",9:26 AM,9:28 AM,Fish Wheel,65.338488,-151.065382,28,28-R,28,28,,005-7,77584-7,Yes,809,892,No,0,Yes,28,28,,,,,,Male,Serum didn't separate well so Morag drew up some unseparated blood instead for the serum tube.,
19,Rapids,Chinook,7/6/2023,"Scott T. Walter, Woods Nystedt",9:31 AM,9:32 AM,Fish Wheel,65.338488,-151.065382,29,29-R,29,29,,005-8,77584-8,Yes,597,654,Yes,1,Yes,29,29,,,,,,Male,Lower jaw tore up,
20,Rapids,Chinook,7/6/2023,"Scott T. Walter, Woods Nystedt",9:34 AM,9:36 AM,Fish Wheel,65.338488,-151.065382,30,30-R,30,30,,005-9,77584-9,Yes,732,802,No,0,Yes,30,30,,,,,,Male,1 cut on gill,
21,Rapids,Chinook,7/7/2023,"Scott T. Walter, Woods Nystedt",10:04 AM,10:05 AM,Fish Wheel,65.338488,-151.065382,31,31-R,31,31,,006-1,77580-1,Yes,723,784,No,0,Yes,31,31,,,,,,Male,,
23,Rapids,Chinook,7/7/2023,"Scott T. Walter, Woods Nystedt",10:41 AM,10:43 AM,Fish Wheel,65.338488,-151.065382,33,33-R,33,33,,006-3,77580-3,Yes,759,824,Yes,39,Yes,33,33,,,,,,Male,-,
25,Rapids,Chinook,7/7/2023,"Scott T. Walter, Woods Nystedt",11:02 AM,11:20 AM,Fish Wheel,65.338488,-151.065382,35,35-R,35,35,,006-5,77580-5,Yes,619,680,No,0,Yes,35,35,,,,,,Male,-,
26,Rapids,Chinook,7/7/2023,"Scott T. Walter, Woods Nystedt",11:25 AM,11:30 AM,Fish Wheel,65.338488,-151.065382,36,36-R,36,36,,006-6,77580-6,Yes,790,860,Yes,600,Yes,36,36,,,,,,Male,Light pink heart,
27,Rapids,Chinook,7/7/2023,"Scott T. Walter, Woods Nystedt",11:55 AM,11:57 AM,Fish Wheel,65.338488,-151.065382,37,37-R,37,37,,006-7,77580-7,Yes,709,776,No,0,Yes,37,37,,,,,,Male,Massive scarring on side and belly,
29,Rapids,Chinook,7/7/2023,"Scott T. Walter, Woods Nystedt",11:55 AM,12:05 PM,Fish Wheel,65.338488,-151.065382,39,39-R,39,39,,006-9,77580-9,Yes,632,685,Yes,16,Yes,39,39,,,,,,Male,-,
30,Rapids,Chinook,7/10/2023,"Scott T. Walter, Woods Nystedt",9:20 AM,9:22 AM,Fish Wheel,65.338488,-151.065382,40,40-R,40,40,,007-1,77588-1,Yes,695,760,No,0,Yes,40,40,,,,,,Male,1 quarter-sized lesion,
31,Rapids,Chinook,7/10/2023,"Scott T. Walter, Woods Nystedt",9:25 AM,9:27 AM,Fish Wheel,65.338488,-151.065382,41,41-R,41,41,,007-2,77588-2,Yes,694,759,No,0,Yes,41,41,,,,,,Male,Skin more pink than usual,
33,Rapids,Chinook,7/10/2023,"Scott T. Walter, Woods Nystedt",9:31 AM,9:32 AM,Fish Wheel,65.338488,-151.065382,43,43-R,43,43,,007-4,77588-4,Yes,752,830,No,0,Yes,43,43,,,,,,Male,-,
34,Rapids,Chinook,7/10/2023,"Scott T. Walter, Woods Nystedt",9:41 AM,9:43 AM,Fish Wheel,65.338488,-151.065382,44,44-R,44,44,,007-5,77588-5,Yes,777,852,Yes,26,Yes,44,44,,,,,,Male,-,
36,Rapids,Chinook,7/10/2023,"Scott T. Walter, Woods Nystedt",9:48 AM,9:49 AM,Fish Wheel,65.338488,-151.065382,46,46-R,46,46,,007-7,77588-7,Yes,641,702,Yes,104,Yes,46,46,,,,,,Male,-,
37,Rapids,Chinook,7/10/2023,"Scott T. Walter, Woods Nystedt",9:52 AM,9:55 AM,Fish Wheel,65.338488,-151.065382,47,47-R,47,47,,007-8,77588-8,Yes,666,740,No,0,Yes,47,47,,,,,,Male,-,
38,Rapids,Chinook,7/10/2023,"Scott T. Walter, Woods Nystedt",10:03 AM,10:06 AM,Fish Wheel,65.338488,-151.065382,48,48-R,48,48,,007-9,77588-9,Yes,594,645,Yes,13,Yes,48,48,,,,,,Male,-,
41,Rapids,Chinook,7/11/2023,"Scott T. Walter, Woods Nystedt",10:10 AM,10:11 AM,Fish Wheel,65.338488,-151.065382,51,51-R,51,51,,008-3,77592-3,Yes,893,985,No,0,Yes,51,51,,,,,,Male,Heaviest so far - weight = 27.75 lbs,
42,Rapids,Chinook,7/11/2023,"Scott T. Walter, Woods Nystedt",10:55 AM,11:06 AM,Fish Wheel,65.338488,-151.065382,52,52-R,52,52,,008-4,77592-4,Yes,690,750,Yes,150,Yes,52,52,,,,,,Male,1 quarter-sized lesion,
43,Rapids,Chinook,7/11/2023,"Scott T. Walter, Woods Nystedt",10:55 AM,11:13 AM,Fish Wheel,65.338488,-151.065382,53,53-R,53,53,,008-5,77592-5,Yes,726,790,No,0,Yes,53,53,,,,,,Male,-,
44,Rapids,Chinook,7/11/2023,"Scott T. Walter, Woods Nystedt",10:55 AM,11:16 AM,Fish Wheel,65.338488,-151.065382,54,54-R,54,54,,008-6,77592-6,Yes,658,720,Yes,97,Yes,54,54,,,,,,Male,"Left pelvic fin missing, Handful older scars, Fin clip taken from right pelvic fin",
45,Rapids,Chinook,7/11/2023,"Scott T. Walter, Woods Nystedt",10:55 AM,11:21 AM,Fish Wheel,65.338488,-151.065382,55,55-R,55,55,,008-7,77592-7,Yes,650,710,Yes,47,Yes,55,55,,,,,,Male,1 quarter-sized lesion,
46,Rapids,Chinook,7/11/2023,"Scott T. Walter, Woods Nystedt",9:09 AM,9:10 AM,Fish Wheel,65.338488,-151.065382,56,56-R,56,56,,008-8,77592-8,Yes,780,855,Yes,15,Yes,56,56,,,,,,Male,1 quarter-sized lesion,
47,Rapids,Chinook,7/11/2023,"Scott T. Walter, Woods Nystedt",9:14 AM,9:18 AM,Fish Wheel,65.338488,-151.065382,57,57-R,57,57,,008-9,77592-9,Yes,667,715,Yes,14,Yes,57,57,,,,,,Male,Unusually dark bruise-like areas on heart,
48,Rapids,Chinook,7/12/2023,"Scott T. Walter, Woods Nystedt",9:33 AM,9:35 AM,Fish Wheel,65.338488,-151.065382,58,58-R,58,58,,009-1,77579-1,Yes,754,825,Yes,70,Yes,58,58,,,,,,Male,-,
49,Rapids,Chinook,7/12/2023,"Scott T. Walter, Woods Nystedt",9:38 AM,9:39 AM,Fish Wheel,65.338488,-151.065382,59,59-R,59,59,,009-2,77579-2,Yes,632,689,No,0,Yes,59,59,,,,,,Male,-,
50,Rapids,Chinook,7/12/2023,"Scott T. Walter, Woods Nystedt",10:19 AM,10:21 AM,Fish Wheel,65.338488,-151.065382,60,60-R,60,60,,009-3,77579-3,Yes,676,733,No,0,Yes,60,60,,,,,,Male,Several long healed scars on both sides,
51,Rapids,Chinook,7/12/2023,"Scott T. Walter, Woods Nystedt",10:25 AM,10:28 AM,Fish Wheel,65.338488,-151.065382,61,61-R,61,61,,009-4,77579-4,Yes,465,505,Yes,40,Yes,61,61,,,,,,Male,"Yes, small male Jack",
52,Rapids,Chinook,7/12/2023,"Scott T. Walter, Woods Nystedt",10:44 AM,10:45 AM,Fish Wheel,65.338488,-151.065382,62,62-R,62,62,,009-5,77579-5,No,620,674,No,0,Yes,62,62,,,,,,Male,"Mostly missing adipose fin is in question whether it was partially tore off or if it is a mis-clip from the hatchery. It is recorded as NO adipose fin in the column, but is up for debate. Photos are available from Scott T. Walter.",
53,Rapids,Chinook,7/12/2023,"Scott T. Walter, Woods Nystedt",11:00 AM,11:09 AM,Fish Wheel,65.338488,-151.065382,63,63-R,63,63,,009-6,77579-6,Yes,547,603,No,0,Yes,63,63,,,,,,Male,-,
54,Rapids,Chinook,7/12/2023,"Scott T. Walter, Woods Nystedt",11:38 AM,11:55 AM,Fish Wheel,65.338488,-151.065382,64,64-R,64,64,,009-7,77579-7,Yes,826,909,No,0,Yes,64,64,,,,,,Male,-,
55,Rapids,Chinook,7/12/2023,"Scott T. Walter, Woods Nystedt",11:42 AM,11:58 AM,Fish Wheel,65.338488,-151.065382,65,65-R,65,65,,009-8,77579-8,Yes,606,662,Yes,175,Yes,65,65,,,,,,Male,"1 quarter-sized lesion, 4"" long by 1"" wide gash on side",
56,Rapids,Chinook,7/12/2023,"Scott T. Walter, Woods Nystedt",11:42 AM,12:03 PM,Fish Wheel,65.338488,-151.065382,66,66-R,66,66,,009-9,77579-9,Yes,635,706,Yes,2,Yes,66,66,,,,,,Male,-,
58,Rapids,Chinook,7/2/2023,"Scott T. Walter, Woods Nystedt",11:42 AM,12:07 PM,Fish Wheel,65.338488,-151.065382,1,1-R,1,1,,001-1,77581-1,Yes,728,800,Yes,3,Yes,1,1,,,,,,Male,-,
59,Rapids,Chinook,7/2/2023,"Scott T. Walter, Woods Nystedt",11:50 AM,12:11 PM,Fish Wheel,65.338488,-151.065382,2,2-R,2,2,,001-2,77581-2,Yes,634,691,Yes,10,Yes,2,2,,,,,,Male,-,
60,Rapids,Chinook,7/3/2023,"Scott T. Walter, Woods Nystedt",9:01 AM,9:04 AM,Fish Wheel,65.338488,-151.065382,3,3-R,3,3,,002-1,77589-1,Yes,706,773,Yes,32,Yes,3,3,,,,,,Male,1 lesion size of a quarter,
64,Rapids,Chinook,7/4/2023,"Scott T. Walter, Woods Nystedt",9:28 AM,9:30 AM,Fish Wheel,65.338488,-151.065382,7,7-R,7,7,,003-2,77593-2,Yes,681,750,Yes,34,Yes,7,7,,,,,,Male,-,
65,Rapids,Chinook,7/4/2023,"Scott T. Walter, Woods Nystedt",9:44 AM,9:45 AM,Fish Wheel,65.338488,-151.065382,8,8-R,8,8,,003-3,77593-3,Yes,605,657,Yes,4,Yes,8,8,,,,,,Male,-,
67,Rapids,Chinook,7/4/2023,"Scott T. Walter, Woods Nystedt",9:59 AM,10:01 AM,Fish Wheel,65.338488,-151.065382,10,10-R,10,10,,003-5,77593-5,Yes,820,896,No,0,Yes,10,10,,,,,,Male,-,
68,Rapids,Chinook,7/13/2023,"Scott T. Walter, Woods Nystedt",10:06 AM,10:08 AM,Fish Wheel,65.338488,-151.065382,68,68-R,68,68,,010-1,77587-1,Yes,627,687,Yes,50,Yes,68,68,,,,,,Male,-,
69,Rapids,Chinook,7/13/2023,"Scott T. Walter, Woods Nystedt",10:12 AM,10:14 AM,Fish Wheel,65.338488,-151.065382,69,69-R,69,69,,010-2,77587-2,Yes,790,861,Yes,1100,Yes,69,69,,,,,,Male,Yes - mega amounts of spots. 1100 may be an underestimate,
70,Rapids,Chinook,7/13/2023,"Scott T. Walter, Woods Nystedt",11:35 AM,11:56 AM,Fish Wheel,65.338488,-151.065382,70,70-R,70,70,,010-3,77587-3,Yes,677,730,No,0,Yes,70,70,,,,,,Male,1 quarter-sized lesion,
71,Rapids,Chinook,7/13/2023,"Scott T. Walter, Woods Nystedt",11:35 AM,12:00 PM,Fish Wheel,65.338488,-151.065382,71,71-R,71,71,,010-4,77587-4,Yes,680,744,No,0,Yes,71,71,,,,,,Male,-,
72,Rapids,Chinook,7/13/2023,"Scott T. Walter, Woods Nystedt",11:35 AM,12:02 PM,Fish Wheel,65.338488,-151.065382,72,72-R,72,72,,010-5,77587-5,Yes,648,709,Yes,106,Yes,72,72,,,,,,Male,-,
74,Rapids,Chinook,7/13/2023,"Scott T. Walter, Woods Nystedt",12:45 PM,1:05 PM,Fish Wheel,65.338488,-151.065382,74,74-R,74,74,,010-7,77587-7,Yes,729,804,Yes,34,Yes,74,74,,,,,,Male,"Very red skin. Adipose is cut, but intact. Probably not hatchery fish.",
75,Rapids,Chinook,7/13/2023,"Scott T. Walter, Woods Nystedt",12:58 PM,1:20 PM,Fish Wheel,65.338488,-151.065382,75,75-R,75,75,,010-8,77587-8,Yes,604,662,Yes,150,Yes,75,75,,,,,,Male,Large white something in middle of heart when cut - maybe parasite?,
76,Rapids,Chinook,7/13/2023,"Scott T. Walter, Woods Nystedt",1:25 PM,1:27 PM,Fish Wheel,65.338488,-151.065382,76,76-R,76,76,,010-9,77587-9,Yes,687,755,No,0,Yes,76,76,,,,,,Male,-,
77,Rapids,Chinook,7/13/2023,"Scott T. Walter, Woods Nystedt",1:25 PM,1:31 PM,Fish Wheel,65.338488,-151.065382,77,77-R,77,77,,010-10,77587-10,Yes,674,742,Yes,8,Yes,77,77,,,,,,Male,-,
78,Rapids,Chinook,7/13/2023,"Scott T. Walter, Woods Nystedt",8:53 AM,8:55 AM,Fish Wheel,65.338488,-151.065382,78,78-R,78,78,,011-1,77591-1,Yes,620,670,Yes,200,Yes,78,78,,,,,,Male,-,
79,Rapids,Chinook,7/14/2023,"Scott T. Walter, Woods Nystedt",9:43 AM,9:44 AM,Fish Wheel,65.338488,-151.065382,79,79-R,79,79,,012-1,77582-1,Yes,692,755,No,0,Yes,79,79,,,,,,Male,-,
81,Rapids,Chinook,7/14/2023,"Scott T. Walter, Woods Nystedt",10:46 AM,10:47 AM,Fish Wheel,65.338488,-151.065382,81,81-R,81,81,,012-3,77582-3,Yes,720,795,No,0,Yes,81,81,,,,,,Male,-,
82,Rapids,Chinook,7/14/2023,"Scott T. Walter, Woods Nystedt",11:27 AM,11:29 AM,Fish Wheel,65.338488,-151.065382,82,82-R,82,82,,012-4,77582-4,Yes,696,763,Yes,60,Yes,82,82,,,,,,Male,-,
83,Rapids,Chinook,7/14/2023,"Scott T. Walter, Woods Nystedt",11:48 AM,11:50 AM,Fish Wheel,65.338488,-151.065382,83,83-R,83,83,,012-5,77582-5,Yes,672,721,No,0,Yes,83,83,,,,,,Male,-,
84,Rapids,Chinook,7/14/2023,"Scott T. Walter, Woods Nystedt",12:15 PM,12:15 PM,Fish Wheel,65.338488,-151.065382,84,84-R,84,84,,012-6,77582-6,Yes,704,773,No,0,Yes,84,84,,,,,,Male,-,
85,Rapids,Chinook,7/14/2023,"Scott T. Walter, Woods Nystedt",12:40 PM,12:50 PM,Fish Wheel,65.338488,-151.065382,85,85-R,85,85,,012-7,77582-7,Yes,637,715,No,0,Yes,85,85,,,,,,Male,Very red. Flesh Pale,
86,Rapids,Chinook,7/14/2023,"Scott T. Walter, Woods Nystedt",1:00 PM,1:05 PM,Fish Wheel,65.338488,-151.065382,86,86-R,86,86,,012-8,77582-8,Yes,707,775,No,0,Yes,86,86,,,,,,Male,Red,
91,Rapids,Chinook,7/17/2023,"Scott T. Walter, Woods Nystedt",1:50 PM,2:03 PM,Fish Wheel,65.338488,-151.065382,91,91-R,91,91,,014-1,77586-1,Yes,648,697,No,0,Yes,91,91,,,,,,Male,"2"" long by 1"" wide gash on side",
92,Rapids,Chinook,7/17/2023,"Scott T. Walter, Woods Nystedt",1:50 PM,2:05 PM,Fish Wheel,65.338488,-151.065382,92,92-R,92,92,,014-2,77586-2,Yes,662,712,Yes,70,Yes,92,92,,,,,,Male,-,
93,Rapids,Chinook,7/17/2023,"Scott T. Walter, Woods Nystedt",1:50 PM,2:08 PM,Fish Wheel,65.338488,-151.065382,93,93-R,93,93,,014-3,77586-3,Yes,635,681,Yes,25,Yes,93,93,,,,,,Male,"2"" by 2"" gash on side",
94,Rapids,Chinook,7/17/2023,"Scott T. Walter, Woods Nystedt",1:50 PM,2:12 PM,Fish Wheel,65.338488,-151.065382,94,94-R,94,94,,014-4,77586-4,Yes,824,885,Yes,800,Yes,94,94,,,,,,Male,"Small 1"" gash on underside. Cut through worm?? Or something white in the heart",
95,Rapids,Chinook,7/17/2023,"Scott T. Walter, Woods Nystedt",8:58 AM,9:00 AM,Fish Wheel,65.338488,-151.065382,95,95-R,95,95,,014-5,77586-5,Yes,639,690,Yes,49,Yes,95,95,,,,,,Male,-,
96,Rapids,Chinook,7/17/2023,"Scott T. Walter, Woods Nystedt",9:04 AM,9:07 AM,Fish Wheel,65.338488,-151.065382,96,96-R,96,96,,014-6,77586-6,Yes,816,877,No,0,Yes,96,96,,,,,,Male,-,
98,Rapids,Chinook,7/17/2023,"Scott T. Walter, Woods Nystedt",9:11 AM,9:13 AM,Fish Wheel,65.338488,-151.065382,98,98-R,98,98,,014-8,77586-8,Yes,644,701,Yes,40,Yes,98,98,,,,,,Male,Some damage on 1 pelvic fin,
99,Rapids,Chinook,7/17/2023,"Scott T. Walter, Woods Nystedt",9:16 AM,9:19 AM,Fish Wheel,65.338488,-151.065382,99,99-R,99,99,,014-9,77586-9,Yes,609,662,Yes,17,Yes,99,99,,,,,,Male,-,
100,Rapids,Chinook,7/17/2023,"Scott T. Walter, Woods Nystedt",9:21 AM,9:24 AM,Fish Wheel,65.338488,-151.065382,100,100-R,100,100,,014-10,77586-10,Yes,756,824,No,0,Yes,100,100,,,,,,Male,-,
101,Rapids,Chinook,7/17/2023,"Scott T. Walter, Woods Nystedt",9:54 AM,9:57 AM,Fish Wheel,65.338488,-151.065382,101,101-R,101,101,,015-1,77590-1,Yes,846,940,Yes,3,Yes,101,101,,,,,,Male,-,
102,Rapids,Chinook,7/17/2023,"Scott T. Walter, Woods Nystedt",12:17 PM,12:20 PM,Fish Wheel,65.338488,-151.065382,102,102-R,102,102,102,015-2,77590-2,Yes,532,583,No,0,Yes,102,102,102,102,,,102,Male,-,
103,Rapids,Chinook,7/18/2023,"Scott T. Walter, Woods Nystedt",12:42 PM,12:45 PM,Fish Wheel,65.338488,-151.065382,103,103-R,103,103,,016-1,77609-1,Yes,725,779,Yes,80,Yes,103,103,,,,,,Male,-,
104,Rapids,Chinook,7/18/2023,"Scott T. Walter, Woods Nystedt",12:49 PM,12:52 PM,Fish Wheel,65.338488,-151.065382,104,104-R,104,104,,016-2,77609-2,Yes,468,505,Yes,250,Yes,104,104,,,,,,Male,-,
105,Rapids,Chinook,7/18/2023,"Scott T. Walter, Woods Nystedt",12:56 PM,12:58 PM,Fish Wheel,65.338488,-151.065382,105,105-R,105,105,,016-3,77609-3,Yes,644,708,No,0,Yes,105,105,,,,,,Male,Very red. Flesh Pale,
106,Rapids,Chinook,7/18/2023,"Scott T. Walter, Woods Nystedt",1:25 PM,1:45 AM,Fish Wheel,65.338488,-151.065382,106,106-R,106,106,,016-4,77609-4,Yes,600,644,Yes,36,Yes,106,106,,,,,,Male,-,
108,Rapids,Chinook,7/18/2023,"Scott T. Walter, Woods Nystedt",8:58 AM,9:00 AM,Fish Wheel,65.338488,-151.065382,108,108-R,108,108,,016-6,77609-6,Yes,578,618,No,0,Yes,108,108,,,,,,Male,-,
110,Rapids,Chinook,7/18/2023,"Scott T. Walter, Woods Nystedt",9:09 AM,9:11 AM,Fish Wheel,65.338488,-151.065382,110,110-R,110,110,,016-8,77609-8,Yes,853,933,No,0,Yes,110,110,,,,,,Male,1 quarter-sized lesion. Red,
112,Rapids,Chinook,7/18/2023,"Scott T. Walter, Woods Nystedt",9:16 AM,9:19 AM,Fish Wheel,65.338488,-151.065382,112,112-R,112,112,,016-10,77609-10,Yes,631,687,Yes,350,Yes,112,112,,,,,,Male,-,
113,Rapids,Chinook,7/18/2023,"Scott T. Walter, Woods Nystedt",9:28 AM,9:30 AM,Fish Wheel,65.338488,-151.065382,113,113-R,113,113,,017-1,77605-1,Yes,701,771,No,0,Yes,113,113,,,,,,Male,"Net marks on face up to the nare (probably 4"" net). Heart looks kind of bruised.",
116,Rapids,Chinook,7/19/2023,"Scott T. Walter, Woods Nystedt",9:35 AM,9:37 AM,Fish Wheel,65.338488,-151.065382,116,116-R,116,116,,018-1,77601-1,Yes,542,585,No,0,Yes,116,116,,,,,,Male,-,
118,Rapids,Chinook,7/19/2023,"Scott T. Walter, Woods Nystedt",9:51 AM,9:55 AM,Fish Wheel,65.338488,-151.065382,118,118-R,118,118,,018-3,77601-3,Yes,623,674,Yes,11,Yes,118,118,,,,,,Male,-,
124,Rapids,Chinook,7/19/2023,"Scott T. Walter, Woods Nystedt",10:31 AM,10:49 AM,Fish Wheel,65.338488,-151.065382,124,124-R,124,124,,018-9,77601-9,Yes,645,705,No,0,Yes,124,124,,,,,,Male,"2"" cut on peduncle",
125,Rapids,Chinook,7/19/2023,"Scott T. Walter, Woods Nystedt",10:50 AM,10:55 AM,Fish Wheel,65.338488,-151.065382,125,125-R,125,125,,018-10,77601-10,Yes,621,674,Yes,600,Yes,125,125,,,,,,Male,-,
127,Rapids,Chinook,7/19/2023,"Scott T. Walter, Woods Nystedt",10:52 AM,11:09 AM,Fish Wheel,65.338488,-151.065382,127,127-R,127,127,,019-2,77597-2,Yes,668,725,No,0,Yes,127,127,,,,,,Male,-,
128,Rapids,Chinook,7/19/2023,"Scott T. Walter, Woods Nystedt",10:52 AM,11:15 AM,Fish Wheel,65.338488,-151.065382,128,128-R,128,128,128,019-3,77597-3,Yes,680,738,No,0,Yes,128,128,128,128,,,128,Male,-,
129,Rapids,Chinook,7/20/2023,"Scott T. Walter, Woods Nystedt",9:01 AM,9:03 AM,Fish Wheel,65.338488,-151.065382,129,129-R,129,129,,020-1,77596-1,Yes,710,764,Yes,8,Yes,129,129,,,,,,Male,-,
130,Rapids,Chinook,7/20/2023,"Scott T. Walter, Woods Nystedt",9:08 AM,9:10 AM,Fish Wheel,65.338488,-151.065382,130,130-R,130,130,,020-2,77596-2,Yes,672,731,Yes,200,Yes,130,130,,,,,,Male,-,
131,Rapids,Chinook,7/20/2023,"Scott T. Walter, Woods Nystedt",9:14 AM,9:16 AM,Fish Wheel,65.338488,-151.065382,131,131-R,131,131,,020-3,77596-3,Yes,518,555,No,0,Yes,131,131,,,,,,Male,"1"" cut on peduncle",
132,Rapids,Chinook,7/20/2023,"Scott T. Walter, Woods Nystedt",9:20 AM,9:23 AM,Fish Wheel,65.338488,-151.065382,132,132-R,132,132,,020-4,77596-4,Yes,497,540,No,0,Yes,132,132,,,,,,Male,-,
133,Rapids,Chinook,7/20/2023,"Scott T. Walter, Woods Nystedt",10:40 AM,10:50 AM,Fish Wheel,65.338488,-151.065382,133,133-R,133,133,,020-5,77596-5,Yes,825,890,No,0,Yes,133,133,,,,,,Male,-,
134,Rapids,Chinook,7/20/2023,"Scott T. Walter, Woods Nystedt",10:51 AM,10:55 AM,Fish Wheel,65.338488,-151.065382,134,134-R,134,134,,020-6,77596-6,Yes,676,745,No,0,Yes,134,134,,,,,,Male,-,
136,Rapids,Chinook,7/20/2023,"Scott T. Walter, Woods Nystedt",11:22 AM,11:28 AM,Fish Wheel,65.338488,-151.065382,136,136-R,136,136,,020-8,77596-8,Yes,650,706,Yes,24,Yes,136,136,,,,,,Male,1 quarter-sized lesion,
137,Rapids,Chinook,7/20/2023,"Scott T. Walter, Woods Nystedt",11:23 AM,11:31 AM,Fish Wheel,65.338488,-151.065382,137,137-R,137,137,,020-9,77596-9,Yes,483,524,No,0,Yes,137,137,,,,,,Male,-,
138,Rapids,Chinook,7/20/2023,"Scott T. Walter, Woods Nystedt",11:18 AM,11:40 AM,Fish Wheel,65.338488,-151.065382,138,138-R,138,138,,020-10,77596-10,Yes,643,698,Yes,200,Yes,138,138,,,,,,Male,-,
140,Rapids,Chinook,7/20/2023,"Scott T. Walter, Woods Nystedt",8:56 AM,8:58 AM,Fish Wheel,65.338488,-151.065382,140,140-R,140,140,,021-2,77600-2,Yes,749,801,No,0,Yes,140,140,,,,,,Male,-,
141,Rapids,Chinook,7/21/2023,"Scott T. Walter, Woods Nystedt",11:00 AM,11:15 AM,Fish Wheel,65.338488,-151.065382,141,141-R,141,141,,022-1,77595-1,Yes,706,762,No,0,Yes,141,141,,,,,,Male,-,
142,Rapids,Chinook,7/21/2023,"Scott T. Walter, Woods Nystedt",11:30 AM,11:35 AM,Fish Wheel,65.338488,-151.065382,142,142-R,142,142,,022-2,77595-2,Yes,607,662,No,0,Yes,142,142,,,,,,Male,-,
144,Rapids,Chinook,7/21/2023,"Scott T. Walter, Woods Nystedt",12:05 PM,12:28 PM,Fish Wheel,65.338488,-151.065382,144,144-R,144,144,,022-4,77595-4,Yes,817,882,No,0,Yes,144,144,,,,,,Male,1 quarter-sized lesion on side. Dorsal fin damaged,
145,Rapids,Chinook,7/21/2023,"Scott T. Walter, Woods Nystedt",12:05 PM,12:34 PM,Fish Wheel,65.338488,-151.065382,145,145-R,145,145,,022-5,77595-5,Yes,554,601,No,0,Yes,145,145,,,,,,Male,-,
146,Rapids,Chinook,7/21/2023,"Scott T. Walter, Woods Nystedt",12:05 PM,12:39 PM,Fish Wheel,65.338488,-151.065382,146,146-R,146,146,,022-6,77595-6,Yes,675,736,Yes,15,Yes,146,146,,,,,,Male,-,
147,Rapids,Chinook,7/21/2023,"Scott T. Walter, Woods Nystedt",9:00 AM,9:01 AM,Fish Wheel,65.338488,-151.065382,147,147-R,147,147,,022-7,77595-7,Yes,563,607,No,0,Yes,147,147,,,,,,Male,Somewhat green back,
148,Rapids,Chinook,7/21/2023,"Scott T. Walter, Woods Nystedt",9:27 AM,9:30 AM,Fish Wheel,65.338488,-151.065382,148,148-R,148,148,,022-8,77595-8,Yes,493,534,No,0,Yes,148,148,,,,,,Male,-,
149,Rapids,Chinook,7/21/2023,"Scott T. Walter, Woods Nystedt",9:34 AM,9:36 AM,Fish Wheel,65.338488,-151.065382,149,149-R,149,149,,022-9,77595-9,Yes,623,674,No,0,Yes,149,149,,,,,,Male,-,
150,Rapids,Chinook,7/21/2023,"Scott T. Walter, Woods Nystedt",10:28 AM,10:30 AM,Fish Wheel,65.338488,-151.065382,150,150-R,150,150,,022-10,77595-10,Yes,511,563,No,0,Yes,150,150,,,,,,Male,-,
151,Rapids,Chinook,7/21/2023,"Scott T. Walter, Woods Nystedt",1:45 PM,1:50 PM,Fish Wheel,65.338488,-151.065382,151,151-R,151,151,,023-1,77599-1,Yes,529,569,No,0,Yes,151,151,,,,,,Male,-,
153,Rapids,Chinook,7/24/2023,"Scott T. Walter, Woods Nystedt",3:55 PM,4:02 PM,Fish Wheel,65.338488,-151.065382,153,153-R,153,153,,024-2,77598-2,Yes,846,915,Yes,133,Yes,153,153,,,,,,Male,Heart had white worm-like something inside. Now in whirl-pak with remaining heart,
154,Rapids,Chinook,7/24/2023,"Scott T. Walter, Woods Nystedt",8:45 AM,8:45 AM,Fish Wheel,65.338488,-151.065382,154,154-R,154,154,,024-3,77598-3,No,567,607,Yes,16,Yes,154,154,,,,,,Male,Adipose photo taken,
156,Rapids,Chinook,7/24/2023,"Scott T. Walter, Woods Nystedt",8:45 AM,8:45 AM,Fish Wheel,65.338488,-151.065382,156,156-R,156,156,,024-5,77598-5,Yes,633,680,Yes,20,Yes,156,156,,,,,,Male,-,
157,Rapids,Chinook,7/24/2023,"Scott T. Walter, Woods Nystedt",9:04 AM,9:43 AM,Fish Wheel,65.338488,-151.065382,157,157-R,157,157,157,024-6,77598-6,Yes,615,658,No,0,Yes,157,157,157,157,,,157,Male,-,
158,Rapids,Chinook,7/24/2023,"Scott T. Walter, Woods Nystedt",9:43 AM,10:09 AM,Fish Wheel,65.338488,-151.065382,158,158-R,158,158,,024-7,77598-7,Yes,854,948,No,0,Yes,158,158,,,,,,Male,-,
159,Rapids,Chinook,7/24/2023,"Scott T. Walter, Woods Nystedt",9:07 AM,9:10 AM,Fish Wheel,65.338488,-151.065382,159,159-R,159,159,,024-8,77598-8,Yes,684,752,Yes,20,Yes,159,159,,,,,,Male,-,
162,Rapids,Chinook,7/25/2023,"Scott T. Walter, Woods Nystedt",10:37 AM,10:40 AM,Fish Wheel,65.338488,-151.065382,162,162-R,162,162,,025-1,77594-1,Yes,610,666,No,0,Yes,162,162,,,,,,Male,-,
164,Rapids,Chinook,7/25/2023,"Scott T. Walter, Woods Nystedt",2:58 PM,3:02 PM,Fish Wheel,65.338488,-151.065382,164,164-R,164,164,,025-3,77594-3,Yes,718,773,No,0,Yes,164,164,,,,,,Male,Slight damage on edges of caudal fin,
166,Rapids,Chinook,7/25/2023,"Scott T. Walter, Woods Nystedt",3:37 PM,3:39 PM,Fish Wheel,65.338488,-151.065382,166,166-R,166,166,,025-5,77594-5,Yes,641,696,No,0,Yes,166,166,,,,,,Male,-,
167,Rapids,Chinook,7/25/2023,"Scott T. Walter, Woods Nystedt",,4:20 PM,Fish Wheel,65.338488,-151.065382,167,167-R,167,167,,025-6,77594-6,Yes,664,726,Yes,127,Yes,167,167,,,,,,Male,"2"" open gash connected to healed wound between pectoral fins. 1 pectoral fin nearly cut off",
168,Rapids,Chinook,7/25/2023,"Scott T. Walter, Woods Nystedt",,4:20 PM,Fish Wheel,65.338488,-151.065382,168,168-R,168,168,,025-7,77594-7,Yes,620,677,Yes,200,Yes,168,168,,,,,,Male,-,
169,Rapids,Chinook,7/25/2023,"Scott T. Walter, Woods Nystedt",4:55 PM,5:07 PM,Fish Wheel,65.338488,-151.065382,169,169-R,169,169,,025-8,77594-8,Yes,677,738,Yes,150,Yes,169,169,,,,,,Male,-,
171,Rapids,Chinook,7/26/2023,"Scott T. Walter, Woods Nystedt",5:00 PM,5:30 PM,Fish Wheel,65.338488,-151.065382,171,171-R,171,171,,026-1,77617-1,Yes,721,777,Yes,1200,Yes,171,171,,,,,,Male,Base of tail fin damaged,
172,Rapids,Chinook,7/26/2023,"Scott T. Walter, Woods Nystedt",10:58 AM,11:22 AM,Fish Wheel,65.338488,-151.065382,172,172-R,172,172,,026-2,77617-2,Yes,644,699,Yes,68,Yes,172,172,,,,,,Male,-,
173,Rapids,Chinook,7/26/2023,"Scott T. Walter, Woods Nystedt",10:58 AM,11:24 AM,Fish Wheel,65.338488,-151.065382,173,173-R,173,173,173,026-3,77617-3,Yes,743,803,No,0,Yes,173,173,173,173,,,173,Male,-,
174,Rapids,Chinook,7/26/2023,"Scott T. Walter, Woods Nystedt",11:27 AM,12:05 PM,Fish Wheel,65.338488,-151.065382,174,174-R,174,174,,026-4,77617-4,Yes,740,816,Yes,55,Yes,174,174,,,,,,Male,-,
177,Rapids,Chinook,7/27/2023,"Scott T. Walter, Woods Nystedt",1:25 PM,1:40 PM,Fish Wheel,65.338488,-151.065382,177,177-R,177,177,,027-1,77615-1,Yes,620,669,No,0,Yes,177,177,,,,,,Male,1 quarter-sized lesion. Dorsal fin slightly damaged,
178,Rapids,Chinook,7/27/2023,"Scott T. Walter, Woods Nystedt",1:55 PM,2:00 PM,Fish Wheel,65.338488,-151.065382,178,178-R,178,178,,027-2,77615-2,Yes,467,504,No,0,Yes,178,178,,,,,,Male,Super tiny,
179,Rapids,Chinook,7/27/2023,"Scott T. Walter, Woods Nystedt",3:30 PM,3:50 PM,Fish Wheel,65.338488,-151.065382,179,179-R,179,179,,027-3,77615-3,Yes,682,752,Yes,83,Yes,179,179,,,,,,Male,-,
180,Rapids,Chinook,7/27/2023,"Scott T. Walter, Woods Nystedt",4:00 PM,4:45 PM,Fish Wheel,65.338488,-151.065382,180,180-R,180,180,,027-4,77615-4,Yes,890,980,No,0,Yes,180,180,,,,,,Male,Bleeding heavily out of mouth when taking blood (likely from blow to head when killing fish). Heart had extensive cream-colored areas (fat?) - see photos.,
181,Fort Yukon,Chinook,7/10/2023,"Keith Herron, Jaden Andrew",4:52 PM,4:59 PM,Fish Wheel,66.571148,-145.525657,1,1-F,1,1,,001-1,69901-1,Yes,702,760,Yes,100,Yes,1,1,1,1,,,1,Male,Skinny,"Separated well, < 24 hours"
182,Fort Yukon,Chinook,7/10/2023,"Keith Herron, Jaden Andrew",11:40 AM,12:24 PM,Fish Wheel,66.571148,-145.525657,2,2-F,2,2,,001-2,69901-2,Yes,656,714,Yes,8,Yes,2,2,,,,,,Male,Hard yellow 2mm lesion on heart,"Separated well, < 24 hours"
183,Fort Yukon,Chinook,7/11/2023,"Keith Herron, Jaden Andrew",11:46 AM,12:30 PM,Fish Wheel,66.568393,-145.491025,3,3-F,3,3,,002-1,69909-1,Yes,668,734,No,0,Yes,3,3,,,,,,Male,"Rigor, unknown death time","Separated well, < 24 hours"
185,Fort Yukon,Chinook,7/11/2023,"Keith Herron, Jaden Andrew",12:39 PM,1:09 PM,Fish Wheel,66.571148,-145.525657,5,5-F,5,5,,002-3,69909-3,Yes,622,686,No,0,Yes,5,5,,,,,,Male,,"Separated well, < 24 hours"
186,Fort Yukon,Chinook,7/11/2023,"Keith Herron, Jaden Andrew",2:08 PM,2:40 PM,Fish Wheel,66.571148,-145.525657,6,6-F,6,6,,002-4,69909-4,Yes,694,752,Yes,175,Yes,6,6,,,,,,Male,Pale,"Separated well, < 24 hours"
188,Fort Yukon,Chinook,7/12/2023,"Keith Herron, Jaden Andrew",2:20 PM,2:40 PM,Fish Wheel,66.571148,-145.525657,8,8-F,8,8,,003-2,69905-2,Yes,604,652,No,0,Yes,8,8,,,,,,Male,,Spun 5 mins centrifuge < 24 hours
189,Fort Yukon,Chinook,7/12/2023,"Keith Herron, Jaden Andrew",2:45 PM,3:00 PM,Fish Wheel,66.571148,-145.525657,9,9-F,9,9,,003-3,69905-3,Yes,842,912,Yes,10,Yes,9,9,,,,,,Male,,"Separated well, < 24 hours"
191,Fort Yukon,Chinook,7/12/2023,"Keith Herron, Jaden Andrew",4:10 PM,4:32 PM,Fish Wheel,66.571148,-145.525657,11,11-F,11,11,,003-5,69905-5,Yes,710,772,No,0,Yes,11,11,,,,,,Male,"Apex of heart in qPCR vial, not quartered","Separated well, < 24 hours"
192,Fort Yukon,Chinook,7/12/2023,"Keith Herron, Jaden Andrew",11:55 AM,12:10 PM,Fish Wheel,66.571148,-145.525657,12,12-F,12,12,,003-6,69905-6,Yes,714,776,No,0,Yes,12,12,,,,,,Male,,"Separated well, < 24 hours"
193,Fort Yukon,Chinook,7/12/2023,"Keith Herron, Jaden Andrew",12:45 PM,1:00 PM,Fish Wheel,66.571148,-145.525657,13,13-F,13,13,,003-7,69905-7,Yes,698,770,Yes,40,Yes,13,13,,,,,,Male,"Huge gash, older","Separated well, < 24 hours"
194,Fort Yukon,Chinook,7/12/2023,"Keith Herron, Jaden Andrew",2:28 PM,2:36 PM,Fish Wheel,66.571148,-145.525657,14,14-F,14,14,,003-8,69905-8,Yes,608,656,No,0,Yes,14,14,,,,,,Male,,"Separated well, < 24 hours"
196,Fort Yukon,Chinook,7/13/2023,"Keith Herron, Jaden Andrew",2:45 PM,2:56 PM,Fish Wheel,66.571148,-145.525657,16,16-F,16,16,,004-2,69913-2,Yes,754,822,No,0,Yes,16,16,,,,,,Male,,"Separated well, < 24 hours"
197,Fort Yukon,Chinook,7/13/2023,"Keith Herron, Jaden Andrew",4:35 PM,4:40 PM,Fish Wheel,66.571148,-145.525657,17,17-F,17,17,,004-3,69913-3,Yes,698,740,No,0,Yes,17,17,,,,,,Male,,"Separated well, < 24 hours"
198,Fort Yukon,Chinook,7/13/2023,"Keith Herron, Jaden Andrew",6:40 PM,6:43 PM,Fish Wheel,66.568393,-145.491025,18,18-F,18,18,,004-4,69913-4,Yes,822,894,Yes,35,Yes,18,18,,,,,,Male,,"Separated well, < 24 hours"
199,Fort Yukon,Chinook,7/13/2023,"Keith Herron, Jaden Andrew",12:30 PM,12:40 PM,Fish Wheel,66.571148,-145.525657,19,19-F,19,19,,004-5,69913-5,Yes,696,748,No,0,Yes,19,19,,,,,,Male,,"Separated well, < 24 hours"
200,Fort Yukon,Chinook,7/13/2023,"Keith Herron, Jaden Andrew",2:15 PM,2:17 PM,Fish Wheel,66.571148,-145.525657,20,20-F,20,20,,004-6,69913-6,Yes,720,784,Yes,250,Yes,20,20,,,,,,Male,,"Separated well, < 24 hours"
201,Fort Yukon,Chinook,7/13/2023,"Keith Herron, Jaden Andrew",2:52 PM,2:56 PM,Fish Wheel,66.571148,-145.525657,21,21-F,21,21,,004-7,69913-7,Yes,614,670,Yes,50,Yes,21,21,,,,,,Male,Torpedo fish (skinny),"Separated well, < 24 hours"
205,Fort Yukon,Chinook,7/14/2023,"Keith Herron, Jaden Andrew",5:52 PM,5:56 PM,Fish Wheel,66.571148,-145.525657,25,25-F,25,25,,005-3,69914-3,Yes,744,818,No,0,Yes,25,25,,,,,,Male,,"Separated well, < 24 hours"
206,Fort Yukon,Chinook,7/14/2023,"Keith Herron, Jaden Andrew",6:50 PM,6:56 PM,Fish Wheel,66.571148,-145.525657,26,26-F,26,26,,005-4,69914-4,Yes,696,760,Yes,20,Yes,26,26,,,,,,Male,,"Separated well, < 24 hours"
207,Fort Yukon,Chinook,7/14/2023,"Keith Herron, Jaden Andrew",4:00 PM,4:10 PM,Fish Wheel,66.571148,-145.525657,27,27-F,27,27,,005-5,69914-5,Yes,648,696,No,0,Yes,27,27,,,,,,Male,,"Separated well, < 24 hours"
208,Fort Yukon,Chinook,7/14/2023,"Keith Herron, Jaden Andrew",4:20 PM,4:25 PM,Fish Wheel,66.568393,-145.491025,28,28-F,28,28,,005-6,69914-6,Yes,654,702,Yes,100,Yes,28,28,,,,,,Male,Fresh lamprey lesion,"Separated well, < 24 hours"
209,Fort Yukon,Chinook,7/14/2023,"Keith Herron, Jaden Andrew",6:58 PM,7:03 PM,Fish Wheel,66.571148,-145.525657,29,29-F,29,29,,005-7,69914-7,Yes,784,842,Yes,17,Yes,29,29,,,,,,Male,White stryations,"Separated well, < 24 hours"
210,Fort Yukon,Chinook,7/15/2023,"Keith Herron, Jaden Andrew",11:45 AM,11:55 AM,Fish Wheel,66.571148,-145.525657,30,30-F,30,30,,008-1,69918-1,Yes,654,712,No,0,Yes,30,30,,,,,,Male,,"Separated well, < 24 hours"
212,Fort Yukon,Chinook,7/15/2023,"Keith Herron, Jaden Andrew",11:45 AM,11:55 AM,Fish Wheel,66.571148,-145.525657,32,32-F,32,32,,008-3,69918-3,Yes,688,746,No,0,Yes,32,32,,,,,,Male,,"Separated well, < 24 hours"
213,Fort Yukon,Chinook,7/15/2023,"Keith Herron, Jaden Andrew",11:45 AM,11:55 AM,Fish Wheel,66.568393,-145.491025,33,33-F,33,33,,008-4,69918-4,Yes,682,740,Yes,125,Yes,33,33,,,,,,Male,,"Separated well, < 24 hours"
214,Fort Yukon,Chinook,7/17/2023,"Keith Herron, Jaden Andrew",2:52 PM,2:58 PM,Fish Wheel,66.571148,-145.525657,34,34-F,34,34,,009-1,69922-1,Yes,772,840,No,0,Yes,34,34,,,,,,Male,,"Separated well, < 24 hours"
215,Fort Yukon,Chinook,7/17/2023,"Keith Herron, Jaden Andrew",7:02 PM,7:20 PM,Fish Wheel,66.571148,-145.525657,35,35-F,35,35,,009-2,69922-2,Yes,702,754,No,0,Yes,35,35,,,,,,Male,,"Separated well, < 24 hours"
216,Fort Yukon,Chinook,7/18/2023,"Keith Herron, Jaden Andrew",7:03 PM,7:21 PM,Fish Wheel,66.571148,-145.525657,36,36-F,36,36,,010-1,69926-1,Yes,668,724,No,0,Yes,36,36,,,,,,Male,,"Separated well, < 24 hours"
217,Fort Yukon,Chinook,7/18/2023,"Keith Herron, Jaden Andrew",7:40 PM,7:45 PM,Fish Wheel,66.571148,-145.525657,37,37-F,37,37,,010-2,69926-2,Yes,648,696,Yes,500,Yes,37,37,,,,,,Male,,Spun 5 mins centrifuge < 24 hours
218,Fort Yukon,Chinook,7/18/2023,"Keith Herron, Jaden Andrew",12:02 PM,12:12 PM,Fish Wheel,66.571148,-145.525657,38,38-F,38,38,,010-3,69926-3,Yes,552,598,Yes,125,Yes,38,38,,,,,,Male,"Clusters of spots, only 2 chunks of heart in qPCR vial. Realized mistake on 8/2/23. However should be enough tissue to run text. More than 20 mg (I think)","Separated well, < 24 hours"
219,Fort Yukon,Chinook,7/18/2023,"Keith Herron, Jaden Andrew",4:18 PM,4:20 PM,Fish Wheel,66.571148,-145.525657,39,39-F,39,39,,010-4,69926-4,Yes,660,718,Yes,47,Yes,39,39,,,,,,Male,,"Separated well, < 24 hours"
220,Fort Yukon,Chinook,7/18/2023,"Keith Herron, Jaden Andrew",4:45 PM,4:50 PM,Fish Wheel,66.571148,-145.525657,40,40-F,40,40,,010-5,69926-5,Yes,656,718,Yes,100,Yes,40,40,,,,,,Male,,"Spun 5 mins centrifuge < 24 hours, did not get serum from blood in 3 vials, whole blood sample taken"
221,Fort Yukon,Chinook,7/19/2023,"Keith Herron, Jaden Andrew",,8:25 PM,Fish Wheel,66.571148,-145.525657,41,41-F,41,41,,011-1,69916-1,Yes,648,700,No,0,Yes,41,41,,,,,,Male,,"Separated well, < 24 hours"
222,Fort Yukon,Chinook,7/19/2023,"Keith Herron, Jaden Andrew",8:20 PM,8:27 PM,Fish Wheel,66.571148,-145.525657,42,42-F,42,42,,011-2,69916-2,Yes,614,662,Yes,40,Yes,42,42,,,,,,Male,,"Separated well, < 24 hours"
223,Fort Yukon,Chinook,7/19/2023,"Keith Herron, Jaden Andrew",6:34 PM,6:42 PM,Fish Wheel,66.571148,-145.525657,43,43-F,43,43,,011-3,69916-3,Yes,664,722,Yes,4,Yes,43,43,,,,,,Male,,"Separated well, < 24 hours"
224,Fort Yukon,Chinook,7/20/2023,"Keith Herron, Jaden Andrew",6:48 PM,6:58 PM,Fish Wheel,66.571148,-145.525657,44,44-F,44,44,,012-1,69920-1,No,672,734,No,0,Yes,44,44,,,,,,Male,,"Separated well, < 24 hours"
226,Fort Yukon,Chinook,7/20/2023,"Keith Herron, Jaden Andrew",,11:14 AM,Fish Wheel,66.571148,-145.525657,46,46-F,46,46,,012-3,69920-3,Yes,664,730,No,0,Yes,46,46,,,,,,Male,,"Separated well, < 24 hours"
227,Fort Yukon,Chinook,7/20/2023,"Keith Herron, Jaden Andrew",12:50 PM,12:58 PM,Fish Wheel,66.571148,-145.525657,47,47-F,47,47,,012-4,69920-4,Yes,810,882,No,0,Yes,47,47,,,,,,Male,Dorsal fin busted,"Separated well, < 24 hours"
228,Fort Yukon,Chinook,7/20/2023,"Keith Herron, Jaden Andrew",1:30 PM,1:48 PM,Fish Wheel,66.571148,-145.525657,48,48-F,48,48,,012-5,69920-5,Yes,634,692,No,0,Yes,48,48,,,,,,Male,,"Separated well, < 24 hours"
229,Fort Yukon,Chinook,7/20/2023,"Keith Herron, Jaden Andrew",2:52 PM,3:05 PM,Fish Wheel,66.571148,-145.525657,49,49-F,49,49,,012-6,69920-6,Yes,694,762,No,0,Yes,49,49,,,,,,Male,,"Separated well, < 24 hours"
231,Fort Yukon,Chinook,7/21/2023,"Keith Herron, Jaden Andrew",4:41 PM,4:45 PM,Fish Wheel,66.571148,-145.525657,51,51-F,51,51,,013-1,69924-1,Yes,736,800,Yes,50,Yes,51,51,,,,,,Male,,"Separated well, < 24 hours"
232,Fort Yukon,Chinook,7/21/2023,"Keith Herron, Jaden Andrew",1:22 PM,1:25 PM,Fish Wheel,66.571148,-145.525657,52,52-F,52,52,,013-2,69924-2,Yes,720,782,No,0,Yes,52,52,,,,,,Male,,"Separated well, < 24 hours"
233,Fort Yukon,Chinook,7/21/2023,"Keith Herron, Jaden Andrew",3:16 PM,3:21 PM,Fish Wheel,66.571148,-145.525657,53,53-F,53,53,,013-3,69924-3,Yes,628,680,Yes,250,Yes,53,53,,,,,,Male,,"Separated well, < 24 hours"
234,Fort Yukon,Chinook,7/21/2023,"Keith Herron, Jaden Andrew",,4:31 PM,Fish Wheel,66.568393,-145.491025,54,54-F,54,54,,013-4,69924-4,Yes,562,610,No,0,Yes,54,54,,,,,,Male,"Blood sample taken passed 30 minutes, taken less than 2 hours of death","Separated well, < 24 hours"
235,Fort Yukon,Chinook,7/21/2023,"Keith Herron, Jaden Andrew",,9:40 AM,Fish Wheel,66.568393,-145.491025,55,55-F,55,55,,013-5,69924-5,Yes,680,742,No,0,Yes,55,55,,,,,,Male,,"Separated well, < 24 hours"
236,Fort Yukon,Chinook,7/23/2023,"Keith Herron, Jaden Andrew",,9:45 AM,Fish Wheel,66.571148,-145.525657,56,56-F,56,56,,014-1,69928-1,Yes,802,872,Yes,8,Yes,56,56,,,,,,Male,,"Separated well, < 24 hours"
237,Fort Yukon,Chinook,7/23/2023,"Keith Herron, Jaden Andrew",,11:12 AM,Fish Wheel,66.571148,-145.525657,57,57-F,57,57,,014-2,69928-2,Yes,538,584,No,0,Yes,57,57,,,,,,Male,,"Separated well, < 24 hours"
239,Fort Yukon,Chinook,7/24/2023,"Keith Herron, Jaden Andrew",,2:14 PM,Fish Wheel,66.568393,-145.491025,59,59-F,59,59,,015-2,69915-2,Yes,684,736,No,0,Yes,59,59,,,,,,Male,Beat up tail,"Separated well, < 24 hours"
240,Fort Yukon,Chinook,7/24/2023,"Keith Herron, Jaden Andrew",,5:52 PM,Fish Wheel,66.571148,-145.525657,60,60-F,60,60,,015-3,69915-3,No,606,654,No,0,Yes,60,60,,,,,,Male,,"Spun 5 mins centrifuge < 24 hours, did not get serum from blood in 3 vials, whole blood sample taken"
243,Fort Yukon,Chinook,7/25/2023,"Keith Herron, Jaden Andrew",,8:05 PM,Fish Wheel,66.568393,-145.491025,63,63-F,63,63,,016-1,69919-1,Yes,596,648,Yes,125,Yes,63,63,,,,,,Male,,"Separated well, < 24 hours"
244,Fort Yukon,Chinook,7/25/2023,"Keith Herron, Jaden Andrew",,8:07 PM,Fish Wheel,66.568393,-145.491025,64,64-F,64,64,,016-2,69919-2,Yes,678,740,No,0,Yes,64,64,,,,,,Male,,"Separated well, < 24 hours"
245,Fort Yukon,Chinook,7/25/2023,"Keith Herron, Jaden Andrew",8:01 PM,8:10 PM,Fish Wheel,66.568393,-145.491025,65,65-F,65,65,,016-3,69919-3,Yes,662,714,No,0,Yes,65,65,,,,,,Male,"Tips of fin missing, net scares, pale flesh, scales missing. Sample within 1 hour of death","Spun 5 mins centrifuge < 24 hours, did not get serum from blood in 3 vials, whole blood sample taken"
249,Fort Yukon,Chinook,7/26/2023,"Keith Herron, Jaden Andrew",8:30 PM,8:33 PM,Fish Wheel,66.561473,-145.359862,69,69-F,69,69,,017-4,69923-4,Yes,756,828,Yes,75,Yes,69,69,,,,,,Male,Sample within 1 hour of death,"Spun 5 mins centrifuge < 24 hours, did not get serum from blood in 3 vials, whole blood sample taken"
250,Fort Yukon,Chinook,7/26/2023,"Keith Herron, Jaden Andrew",10:14 PM,10:19 PM,Fish Wheel,66.561473,-145.359862,70,70-F,70,70,,017-5,69923-5,Yes,852,934,No,0,Yes,70,70,,,,,,Male,Sample within 1 hour of death,"Separated well, < 24 hours"
251,Fort Yukon,Chinook,7/26/2023,"Keith Herron, Jaden Andrew",10:40 PM,10:42 PM,Fish Wheel,66.561473,-145.359862,71,71-F,71,71,,017-6,69923-6,No,592,666,No,0,Yes,71,71,,,,,,Male,Sample within 3 hours of death,"Separated well, < 24 hours"
252,Fort Yukon,Chinook,7/26/2023,"Keith Herron, Jaden Andrew",11:47 PM,11:57 PM,Fish Wheel,66.561473,-145.359862,72,72-F,72,72,,017-7,69923-7,Yes,760,832,Yes,33,Yes,72,72,,,,,,Male,Sample within 3 hours of death,"Separated well, < 24 hours"
253,Fort Yukon,Chinook,7/26/2023,"Keith Herron, Jaden Andrew",,9:43 PM,Fish Wheel,66.568393,-145.491025,73,73-F,73,73,,017-8,69923-8,Yes,688,736,No,0,Yes,73,73,,,,,,Male,,"Separated well, < 24 hours"
254,Fort Yukon,Chinook,7/27/2023,"Keith Herron, Jaden Andrew",,3:48 PM,Fish Wheel,66.561473,-145.359862,74,74-F,74,74,,018-1,69927-1,Yes,694,762,No,0,Yes,74,74,,,,,,Male,,"Separated well, < 24 hours"
255,Fort Yukon,Chinook,7/27/2023,"Keith Herron, Jaden Andrew",4:42 PM,5:03 PM,Fish Wheel,66.561473,-145.359862,75,75-F,75,75,,018-2,69927-2,Yes,672,724,Yes,42,Yes,75,75,,,,,,Male,,"Separated well, < 24 hours"
256,Fort Yukon,Chinook,7/27/2023,"Keith Herron, Jaden Andrew",,4:14 PM,Fish Wheel,66.561473,-145.359862,76,76-F,76,76,,018-3,69927-3,Yes,730,792,No,0,Yes,76,76,,,,,,Male,,"Separated well, < 24 hours"
259,Fort Yukon,Chinook,7/29/2023,"Keith Herron, Jaden Andrew",,4:16 PM,Fish Wheel,66.561473,-145.359862,79,79-F,79,79,,020-1,69925-1,Yes,802,858,No,0,Yes,79,79,,,,,,Male,Blood taken within 1 hour of death,"Separated well, < 24 hours"
260,Fort Yukon,Chinook,7/29/2023,"Keith Herron, Jaden Andrew",11:19 AM,11:27 AM,Fish Wheel,66.561473,-145.359862,80,80-F,80,80,,020-2,69925-2,Yes,664,726,No,0,Yes,80,80,,,,,,Male,,"Separated well, < 24 hours"
261,Fort Yukon,Chinook,8/1/2023,"Keith Herron, Jaden Andrew",10:17 AM,10:28 AM,Fish Wheel,66.561473,-145.359862,81,81-F,81,81,,021-1,69929-1,Yes,638,686,No,0,Yes,81,81,,,,,,Male,"Sample within 2  hour of death, rigor (stiff fish)","Spun 5 mins centrifuge < 24 hours, didnt separate well, only got a little serum from blood"
262,Fort Yukon,Chinook,8/1/2023,"Keith Herron, Jaden Andrew",,2:17 PM,Fish Wheel,66.561473,-145.359862,82,82-F,82,82,,021-2,69929-2,Yes,884,962,No,0,Yes,82,82,,,,,,Male,"Sample within 2  hour of death, fish recently caught and sampled close to death","Separated well, < 24 hours"
264,Fort Yukon,Chinook,8/3/2023,"Keith Herron, Jaden Andrew",,2:20 PM,Fish Wheel,66.561473,-145.359862,84,84-F,84,84,84,023-1,69921-1,Yes,888,982,Yes,1000,Yes,84,84,84,84,,,84,Male,"Spots on internal organs, most diseased looking heart of season","Separated well, < 24 hours"
265,Fort Yukon,Chinook,8/3/2023,"Keith Herron, Jaden Andrew",,6:43 PM,Fish Wheel,66.561473,-145.359862,85,85-F,85,85,85,023-2,69921-2,Yes,846,944,Yes,600,Yes,85,85,85,85,,,85,Male,Blood taken within 2 hours,"Separated well, < 24 hours"
268,Fort Yukon,Chinook,8/4/2023,"Keith Herron, Jaden Andrew",,1:08 PM,Fish Wheel,66.561473,-145.359862,88,88-F,88,88,,024-1,69894-1,Yes,704,764,No,0,Yes,88,88,,,,,,Male,Blood taken within 2 hours,"Separated well, < 24 hours"
269,Fort Yukon,Chinook,8/4/2023,"Keith Herron, Jaden Andrew",,5:12 PM,Fish Wheel,66.561473,-145.359862,89,89-F,89,89,,024-2,69894-2,Yes,672,730,No,0,Yes,89,89,,,,,,Male,"Blood taken within 2 hours, Pale","Separated well, < 24 hours"
270,Fort Yukon,Chinook,8/5/2023,"Keith Herron, Jaden Andrew",,11:55 AM,Fish Wheel,66.561473,-145.359862,90,90-F,90,90,,025-1,69898-1,Yes,650,698,Yes,180,Yes,90,90,,,,,,Male,Blood taken within 2 hours,"Separated well, < 24 hours"
